title,writer,pub_date,category,content,url,keywords
"금감원, 중대 금융사고 발생 땐 ‘소비자보호 실태’ 조기평가",이소연 기자lee.soyeon2@mk.co.kr,2025-04-11 05:53:56,경제,"금융감독원이 올해부터 금융사에서 중대 금융사고가 발생할 경우 3년 주기인 ‘금융소비자보호 실태평가’를 앞당겨 조기에 진행한다.

금감원은 지난 10일 ‘2025년도 금융소비자보호 실태평가 제도개선 및 우수·미흡사례 설명회’를 개최하고 이같은 개선책을 발표했다. 금융소비자보호 실태평가란 금감원이 금융회사 소비자보호 수준을 종합적으로 평가하기 위해 매년 실시하는 제도다.

우선 금감원은 올해부터 중대한 금융사고가 발생하거나 사회적 물의를 야기한 경우에는 평가 시기가 되기 전이라도 평가하기로 했다. 기존에는 실태평가가 3년 주기로 이뤄졌다. 이에 중대한 금융사고가 발생해도 다음 실태평가까지 기존 평가 등급이 유지된다는 맹점이 있었다.

이와 함께 금융 소비자 보호의 세부 평가 항목도 개선했다. 전체 항목은 금융사 평가 부담 완화 등을 위해 현재 167개에서 138개로 조정된다.

대신 소비자보호 거버넌스와 관련한 평가 항목의 가중치는 23.4%에서 26.0%로 상향하고, 소비자보호 거버넌스 우수 회사와 직원에 대해서는 자율 진단 면제 등 인센티브를 부여하기로 했다.

취약계층 지원 노력 평가도 확대된다. 금감원은 앞으로의 평가에서 기존 고령자·장애인에 한정됐던 지원 노력 평가 대상을 격오지 주민, 외국인 등 기타 취약계층까지 확대한다.

한편, 금감원은 실태평가 우수·미흡 사례집을 제작해 이달 중 전 금융업권에 배포한다.",https://www.mk.co.kr/news/economy/11289109,"평가, 금감원은, 금융사고가, 금융소비자보호, 소비자보호"
“비금융 서비스 물꼬 터달라”...은행권 호소 왜?,이소연 기자lee.soyeon2@mk.co.kr,2025-04-11 04:10:42,경제,"은행권이 비금융 서비스 진입을 제한하는 규제 완화를 정치권에 적극 요청하고 나섰다. 빅테크가 금융·비금융 영역을 자유롭게 넘나드는 생태계를 확장하는 동안, 은행과 금융지주회사는 법적 장벽으로 ‘불공정한 경쟁 환경’에 처해 있다는 것이 핵심이다.

11일 은행권이 최근 국민의힘에 제출한 건의사항 자료 따르면 은행연합회는 은행·지주사의 비금융 분야 진출 확대를 공식 건의했다. 일본과 싱가포르 사례처럼 기본적으로 진출을 허용하고, 예외적으로 금지 업종만 법에 명시하는 방향으로 규제 체계를 개편해달라는 요청이다. 현재 은행들은 음식 배달, 통신, 온라인쇼핑몰 등 소상공인 지원 성격의 혁신금융서비스로만 제한적 진출이 가능한 상황이다.

데이터 공유 규제도 논의 대상이 됐다. 금융지주 계열사들은 ‘내부 경영관리 목적’에 한해서만 고객정보 공유가 가능한데, 이 범위가 불명확해 데이터 기반 혁신 서비스 개발에 걸림돌이 된다는 지적이 제기됐다. 은행권은 고객 신용평가 고도화나 맞춤형 상품 설계 등도 분명히 경영관리 목적으로 인정해야 한다며 관련 법규 개정을 촉구했다.

특히 KB국민은행은 은행의 비금융 투자 제한 완화와 함께 핀테크 기업 범주에 ‘온라인 플랫폼 기업’을 추가해달라고 요청했다. 기존 핀테크 기업 정의가 실제 인수 사례가 미미할 정도로 실효성이 떨어지기 때문에 투자 확대를 위한 범위 재설정이 필요하다는 것이다.

금융당국이 올해 초 업무계획에서 은행지주사 경쟁력 강화를 위한 법 개정을 예고한 만큼 정치권과의 공조에 힘이 실리는 분위기다.",https://www.mk.co.kr/news/economy/11288997,"비금융, 기업, 개정을, 경영관리, 규제"
첫 토종 크루즈선 ‘미라클호’의 기적...수출입銀 숨은 공신,김정환 기자flame@mk.co.kr,2025-04-11 01:46:20,경제,"토종 조선사가 만든 국내 첫 크루즈페리선이 13일 일본 오사카 엑스포 개막에 맞춰 한일 항로에 취항하는 가운데 금융가에서는 국책은행인 한국수출입은행이 ‘숨은 공신’으로 거론되고 있다.

워크아웃(기업구조개선작업)에 들어간 중형 조선사인 대선조선에 정책 금융을 투입해 경영을 궤도에 올리면서 국내 해운·관광업계 새로운 이정표를 세웠기 때문이다. 11일 업계에 따르면 해운물류업체 팬스타그룹은 13일부터 국내 최초 크루즈선인 ‘팬스타 미라클호’를 부산~오사카 항로에 투입한다.

미라클호는 대선조선이 2021년 6월 설계에 들어간 후 4년여 만에 완성한 2만2000t급 선박이다. 국내 자본과 기술로 처음 건조된 크루즈선이라는 의미가 있다. 102개 객실에 최대 355명이 승선할 수 있고 야외 수영장, 조깅트랙, 잔디정원, 카지노 게임장 등 편의시설을 갖췄다.

미라클호가 탄생할 수 있었던 배경에는 정책 금융이 자리잡고 있다. 대선조선은 인력난, 자재값 상승 등 경영상황이 악화하며 2023년 10월부터 워크아웃에 들어갔다.

주채권은행인 수출입은행은 미라클호 건조를 위해 3700만달러의 선수금환급보증(RG)을 발급하고, 경영 관리단을 파견해 건조 중인 선박들이 적기에 인도될 수 있도록 밀착 관리에 들어갔다.

RG는 조선사가 선박 인도가 불가능해질 경우 발주사가 미리 지급했던 선수금 환급을 보증하는 금융 상품이다. 발주사들은 조선사에 거액의 자금을 주고 선박 제작을 맡기는 만큼 최소한의 안전장치인 RG를 요구하는 경우가 많다. 만약 조선사에 부여된 RG한도가 차면 수주가 들어와도 배를 맡을 수 없는 상황에 처하게 된다. RG를 늘려 발주에 마중물을 부은 것이다.

대선조선 이후 한동안 RG를 발급하지 않았던 수출입은행은 다른 중형 조선사에도 지원을 확대한다는 계획이다. 당초 중형사에 대한 RG는 한국산업은행만 내놨었는데 한도가 소진되자 기업은행과 8개 시중은행이 추가 발급에 나선 상태다. 여기에 수출입은행도 가세한다. 미국 상호관세 조치로 국내 기업 타격이 심해졌지만 업황이 반등하고 있는 조선업을 키워 충격을 완화하겠다는 것이다.

수출입은행 고위 관계자는 “중형 조선사들의 결산 실적이 나오는대로 신용평가 작업에 들어가 재무구조가 개선된 조선사를 대상으로 신규 RG 발급을 검토할 것”이라고 말했다.",https://www.mk.co.kr/news/economy/11288844,"국내, rg를, 있다, 중형, rg"
"경기창조경제혁신센터, 창립 10주년...글로벌 유니콘 허브 도약 선언",양재필 기자sohnsb@naver.com,2025-04-11 01:39:55,경제,"경기창조경제혁신센터(대표이사 김원경, 이하 ‘경기혁신센터’)가 10일(목) 판교 창업존에서 창립 10주년 기념식을 개최했다.

이날 행사는 지난 10년간 경기혁신센터가 이뤄낸 주요 성과들을 돌아보며 임직원들과 주요 파트너사의 노고를 격려하고, 향후 글로벌 유니콘 벤처 빌더로서의 비전을 선포하기 위해 마련됐다.

경기지방중소벤처기업청 조희수 청장, 성남산업진흥원 이의준 원장, 이노비즈협회 김형영 상근부회장 등 지역 창업생태계 유관기관 관계자 및 오픈이노베이션·투자 협력사, 보육기업, 임직원 등 200여 명이 참석해 자리를 빛냈다.

먼저 경기지방중소벤처기업청 조희수 청장, 성남산업진흥원 이의준 원장의 축사와 더불어 고양산업진흥원 한동균 원장, 경기혁신센터 졸업기업인 수퍼톤 허훈 CTO, 경기혁신센터 제1대 센터장인 임덕래 전 센터장과 주한콜롬비아대사 셜리 베가(Shirley Vega) 참사관의 영상 축사가 이어졌다.

캡스톤 파트너스 송은강 대표는 ‘유니콘 투자 동향 인사이트’를 주제로 특별강연을 진행하였으며, 경기혁신센터와 함께 창업생태계 활성화에 기여한 개인 및 기관과 기업을 대상으로 공로패와 감사패가 전달되었다. 기술, 산업별 전문가 그룹을 대상으로 반도체, AI, 기후테크, 기술혁신 분야 전문가 그룹 위촉식도 진행됐다.

또한, 경기혁신센터의 대표 IR 브랜드인 ‘2025년 스타트업 815 IR’에 참여하는 대학, 산업진흥원 등 유관기관 11개사 관계자가 한자리에 모여 ‘스타트업 815 IR’ 공동 개최기관 출범식을 진행하며 딥테크 기업 공동 발굴과 투자생태계 활성화를 위한 각오를 다졌다.

이번 기념행사 외에도 △ 2025 창업-BuS 연합 IR 프로그램, △ 2025 민간주도 오픈이노베이션 지원 사업 사업설명회, △CEO 클럽 등, 다양한 프로그램들이 판교 창업존에서 동시에 진행했다.

지난 2015년 판교테크노밸리에 개소한 경기혁신센터는 그간 지역의 창업 생태계 구축과 경제 활성화, 스타트업과 대·중견기업 간 협업과 동반 성장을 이뤄내며 스타트업의 창업과 발전을 선도해 왔다.

설립 초기 전담 대기업인 KT와 함께 창업기업 육성 프로그램인 K-Champ Lab을 시작으로 현재까지 오픈이노베이션, 투자, 글로벌 진출지원까지 스타트업의 성공모델 창출 지원을 위한 전주기 액셀러레이팅을 수행하고 있다.

경기혁신센터 김원경 대표는 “스타트업 투자 확대와 딥테크 기반 성장 지원 프로그램을 통해 기업 가치를 높이겠다”며, “글로벌 유니콘 벤처 빌더를 비전으로 민·관 협력 동반성장 혁신 생태계의 허브 역할에 최선을 다하겠다”고 밝혔다.",https://www.mk.co.kr/news/economy/11288833,"ir, 경기혁신센터, 투자, 글로벌, 스타트업"
“덜 나쁘니 억울하다?”…계엄에 나사 풀린 공공기관 [기자24시],곽은산 기자kwak.eunsan@mk.co.kr,2025-04-11 01:29:48,경제,"“무단으로 해외여행 간 거랑 우리 잘못이 동급은 아니잖아요.”

계엄 사태를 계기로 정부가 공공기관 공직기강 특별점검을 벌인 결과를 보도하자 한 공공기관 관계자가 억울함을 토로한 말이다. “백날 홍보했는데, 남들과 도매금으로 엮이는 바람에 그간의 노력이 다 날아갔다”는 항변은 공공기관 기강 해이의 현실을 잘 보여준다.

가족돌봄 휴직 중 돌봄 대상이 없는데도 15일 이상 무단 해외여행을 다녀온 직원, 블라인드 채용에서 학력정보를 면접관에게 전달한 사례, 국가중요시설 보안문서가 방치되고, 사업장 현장 안전점검을 허위로 보고한 사실까지. 기본이 무너진 풍경이 곳곳에서 드러났다. 누가 덜 잘못했는지를 따질 만한 일은 없었는데 누구나 할 수 있는 실수라며 기사를 고쳐달라는 요청이 계속됐다.

일부 공공기관 관계자는 계엄 사태에 따른 혼란을 계기로 진행된 감사를 두고 “계엄과 엮지 말아달라”고 했다. 다짜고짜 ‘감사 결과를 어떻게 알았는지’부터 물어온 이들도 있었다. 이 역시 문제의 본질을 벗어나 잘못부터 감추려는 급급함이었다.

공공기관들의 이런 대응은 오히려 문제를 더욱 심각하게 만든다. 기강 해이가 단순히 적발된 사건 자체가 아닌, 사건을 바라보는 태도에 있다는 걸 보여주기 때문이다. 잘못을 지적받고도 “저쪽은 중범죄, 우리는 그나마 경범죄”라며 내놓는 안이한 자기평정은 문제를 개선할 의지가 없다는 말과도 같다.

적발된 잘못들은 그간 쌓아온 일상의 해이가 고스란히 드러난 결과이기도 하다. 계엄 탓이 아니라는 말도 “우리 기관은 평소에도 그렇다”는 자백이나 다름없다. 공직기강은 비상시에만 필요한 게 아니며, 평소 느슨했던 태도는 위기가 닥칠 때 더 큰 위험으로 돌아오기 마련이다.

잘못보다 중요한 건 앞으로 이를 가벼이 넘기지 않겠다는 태도다. 지적을 받자마자 억울함부터 내세우는 조직은 같은 잘못을 반복할 수밖에 없다. 정부와 국민이 기대하는 건 실수하지 않는 완벽함이 아니라 이를 되풀이하지 않을 개선 의지다. 책임을 인정하고 바로잡을 의지가 없는 조직에 공공의 신뢰는 더 이상 남아 있을 수 없다.

곽은산 경제부 기자",https://www.mk.co.kr/news/economy/11288827,"공공기관, 계엄, 결과를, 계기로, 기강"
"“쿠팡 로켓배송 통해서만 쏜다” 오뚜기, 즉석밥 ‘든든쌀밥’ 출시",이효석 기자thehyo@mk.co.kr,2025-04-11 01:16:39,경제,"오뚜기가 오는 14일 쿠팡 로켓배송 전용 즉석밥인 ‘든든쌀밥’을 출시한다고 11일 밝혔다.

든든쌀밥은 임금님께 진상하던 ‘경기미(米)’를 사용했다. 오뚜기만의 엄격한 품질 검수과정을 거쳐 보다 부드럽고 담백한 맛을 느낄 수 있다. 또한 36입 대용량 상자 포장으로 든든하게 쟁여둘 수 있다.

든든쌀밥은 소비자가 오뚜기밥류 제품을 가장 많이 찾는 쿠팡을 통해 판매된다. 쿠팡 로켓배송의 간편한 주문과 빠른 배송을 활용해 즉석밥 시장에서 안정적으로 든든쌀밥의 입지를 넓혀가겠다는 계획이다.

해당 제품은 14일부터 21일까지 쿠팡 사전 예약을 통해 만나볼 수 있다.

오뚜기 관계자는 “1인 가구가 늘어나며 즉석밥 시장이 확대됨에 따라 담백하고 맛있는 즉석밥을 제공하고자 든든쌀밥을 출시하게 됐다”며 “쿠팡 로켓배송으로 보낼 수 있는 전용 제품군을 강화할 계획”이라고 말했다.",https://www.mk.co.kr/news/business/11288817,"쿠팡, 있다, 든든쌀밥은, 전용, 즉석밥"
노벨상 보니 앞으로 뜰 산업은? 생명과학산업,정혁훈 기자moneyjung@mk.co.kr,2025-04-11 01:14:42,경제,"“우리나라가 중화학공업에 이어 정보통신산업으로 선진국이 되었다면 이제는 생명과학산업으로 미래에 대비해야 한다.”

윤종록 KAIST 과학기술정책대학원 초빙교수(전 미래창조과학부 차관)는 10일 서울 양재동 aT센터에서 개최된 ‘디지털농업 심포지엄’에서 이 같이 밝혔다. 이번 심포지엄은 매일경제 애그테크혁신센터와 한국농업기술진흥원, 한국벤처농업대학이 공동으로 개최했다. 농업계와 투자업계, ICT업계 등 각계에서 200여 명이 참석하는 성황을 이뤘다.

윤 교수는 ‘생명과학의 르네상스-노벨과학상과 미래 전망’을 주제로 한 발표에서 “앞으로는 하드 파워가 아니라 농식품과 바이오, 제약 등 생명과학산업을 중심으로 한 새로운 소프트 파워의 시대를 만들어 가야 한다”며 생명과학 입국의 필요성을 강조했다.

윤 교수는 이날 노벨과학상을 주제로 들고 나온 이유에 대해 “미래를 내다보는 가장 좋은 도구 중 하나가 어떤 기술이 노벨과학상을 받았는가를 살펴보는 것이기 때문”이라고 설명했다. 그는 “2023년과 2024년 노벨과학상 수상 기술들을 보면 분자보다 작은 단위인 원자, 그리고 원자 내부에 있는 전자의 움직임을 살필 수 있는 다양한 기술들이 제시되고, 지금까지 세상에 없었던 새로운 형태의 단백질이 개발된 것을 확인할 수 있다”며 “이러한 신기술 개발 트렌드를 볼 때 앞으로는 유전자와 단백질을 활용한 식품산업, 바이오산업이 발전하면서 생명과학의 시대가 도래할 것이라는 사실을 확인시켜 주고 있다”고 말했다.

그에 따르면 2023년 노벨과학상 3종 세트는 노벨 물리학상을 받은 아토초(Atto Second), 노벨 화학상을 받은 양자점(Quantum Dot), 노벨 생리의학상을 받은 메신저 리보핵산 즉 mRNA였다. 윤 교수는 “아토초는 100경분의 1초로 분자보다 작은 단위인 원자와 원자 내부의 전자 움직임을 표현하기 위해 만들어진 시간단위로 그동안 일반적인 빛이나 단위로는 관찰이나 표현이 불가능했던 것을 포착할 수 있게 됐다”며 “그동안에는 볼 수 없었던 미지의 세계를 들여다 볼 수 있게 된 것”이라고 설명했다. 또한 “양자점은 태양 빛과 전기로 만들어내는 빛에 이은 제3의 빛”이라며 “이 빛을 활용하면 아주 미세한 변화까지 예민하게 잡아낼 수 있는 장점이 있다”고 소개했다. mRNA는 우리가 익히 잘 아는 것처럼 코로나19 백신을 개발할 때 사용했던 그 방법이다.

윤 교수는 “이들 세 가지 노벨 과학상의 공통점은 전자 현미경으로도 보이지 않는 마이크로 세상, 원자 이하의 세상, 유전자 이하의 세상을 마치 크리스탈을 들여다보듯이 투명하게 볼 수 있도록 한다는 것”이라며 “원자 이하의 세계로 탐험할 수 있는 활주로가 만들어졌다는 것은 앞으로 농업과 식품, 바이오, 제약 등을 포함하는 생명과학이 이제 본격적으로 성장할 수 있는 토대가 마련된 것”이라고 해석했다.

그는 “2024년 노벨과학상 3종 세트의 경우도 물리학상은 심층신경망, 화학상은 세상에 없던 새로운 아미노산을 활용한 단백질 설계, 생리의학상은 초미세 영역을 장악하는 4세대 유전자 가위를 탄생시킨 마이크로 RNA(micro RNA) 기술”이라며 “이런 기술들을 활용하면 새로운 단백질을 활용해 지금까지 전혀 맛볼 수 없었던, 그동안에는 상상할 수 없었던 새로운 대체식품이 만들어질 수 있다는 것이고, 새로운 품종의 개발 능력이 전례없이 빠른 속도로 발전할 수 있다는 것”이라고 설명했다. 윤 교수는 “때마침 인공지능(AI)과 같은 컴퓨터 과학이 발전하면서 그동안에는 컴퓨터 처리 용량 부족으로 어려움을 겪었던 것을 해결하게 되면서 앞으로는 생명과학 산업이 날개를 달게 될 것”이라고 전망했다.

두번째 주제발표자로 나선 민승규 세종대 석좌교수(전 농림수산식품부 차관)는 ‘한국농업의 미래 상상’을 주제로 한 강연에서 “4차 산업혁명 시대를 맞이해 세계 농업은 디지털과 결합되는 제3의 농업 혁명이 진행되고 있다”며 “그 결과로 세계 농업은 지금 새로운 파워 게임이 시작되고 있으며, 치열한 경쟁을 벌이고 있다”고 해석했다. 그는 “오늘날 세계 곳곳의 지역에서는 지금까지 경험하지 못한 스케일과 스피드로 혁신적인 농업 비즈니스 모델이 탄생하고 있다”며 “담대한 도전이 필요한 상황에서 한국 농업이 과거의 파수꾼으로 남을 것인가 아니면 새로운 경쟁력을 갖춘 개척자가 될 것인가 기로에 서 있다”고 강조했다. “따라서 조지프 슘페터가 ‘혁신은 창조적 파괴에서 나온다’고 말했듯이 한국 농업이 혁신을 통해 새롭게 도약하기 위해서는 과거의 저항을 극복하는 창조적 파괴가 필요한 시점”이라고 덧붙였다.

민 교수는 “예를 들어 우리나라 농가의 절반, 농지의 절반 가량이 매달리고 있는 벼농사만 하더라도 매년 5조원 이상 예산을 투입하고 있지만 늘 쌀값 폭락에 시달리고 농가 소득도 오르지 못하고 있지 않느냐”며 “쌀 문제 해결을 미룬 채 한국 농업의 미래를 말하는 건 변죽만 올리는 것과 마찬가지인 만큼 벼농사를 억지로 줄이려 하기보다 농민들이 오히려 마음껏 벼농사를 지을 수 있도록 하는 새로운 해결 방법을 만들어 내야 할 것”이라고 말했다. “그렇게 하기 위해서는 기존의 프레임과 상식을 뛰어넘는 창의력, 즉 토머스 에디슨이 말한 것과 같은 1%의 영감을 얻을 수 있도록 노력해야 할 것”이라고 덧붙였다.

민 교수는 “또한 농업의 디지털화라는 세계 농업의 흐름에 올라타기 위해서는 무엇보다 농업에 ICT를 접목할 수 있는 융복합 인재 육성이 필요하다”며 “지금까지의 농업 경쟁력이 시설과 장비, 기술에 달려 있었다면 앞으로는 AI와 재배 데이터를 어떻게 활용 하느냐에 따라 다른 결과를 가져올 것이므로 농업도 알고 AI에도 능한 ‘농업 AI 전문가’를 양성하는 것이 중요하다”고 제언했다.

마지막으로 나선 안호근 한국농업기술진흥원장은 ‘미래농업을 위한 농진원의 역할’에 대해 발표했다. 안 원장은 “생산의 3요소라고 하면 토지와 자본, 노동이 있고, 여기에 기술이 추가될 수 있을 것”이라며 “과거에는 토지와 노동이 생산을 결정했다고 한다면 앞으로는 자본과 기술이 지배하는 시대가 올 것이고, 그렇기 때문에 바로 우리 농업이 미래에 기회가 있다고 볼 수 있다”고 말했다. 그는 “앞으로는 빅데이터와 인공지능(AI)에 기반한 디지털이 미래 농업을 좌우할 혁신 기술이 될 것”이라며 “이런 기회를 잘 활용하면 우리 농업도 이제 선진국 수준으로 나아갈 수 있을 것”이라고 덧붙였다.

안 원장은 “농진원은 농촌진흥청에서 개발한 특허 기술을 민간 기업으로 이전해 사업화하기 위해서 만들어진 기술 사업화 기관으로 출발했지만 지금은 매년 약 400개 벤처기업을 육성하고 있을 뿐만 아니라 그린바이오 산업 육성 업무를 담당하고 있고, 농진청에서 개발한 신품종 종자를 농가에 시험 보급하는 일도 하고 있다”고 소개했다. 그는 “특히 스마트농업의 보급·확산에 관련한 다양한 업무를 맡고 있다”며 “스마트농업 기자재 표준화 업무를 맡아 지금까지 단체 표준 28개, 국가 표준 18개를 완성했고, 스마트팜 혁신밸리 등에서 농업용 로봇 등 스마트팜 기자재에 대한 실증을 하고 있으며, 청년창업보육센터에서 연간 200명을 교육하는 등 스마트팜을 운영할 젊은 인력 양성을 위해서도 많은 역할을 하고 있다”고 소개했다. 안 원장은 “스마트팜 전문 인력을 위한 스마트농업관리사 제도가 도입되어 올해 제1회 자격 시험을 치를 예정”이라며 “스마트농업 AI 경진대회를 개최하는 등 농업에 AI를 접목하는 정책도 다양하게 펼치고 있다”고 말했다. 뿐만 아니라 스마트팜의 해외 수출 지원에도 적극 나서고 있다고 소개했다. 그는 “카자흐스탄을 시작으로 베트남,. 호주 등으로 스마트팜 진출을 지원한 사례가 있다”며 “세계 주요 거점 국가들에 스마트팜 패키지형 시범온실 구축을 늘려나갈 것”이라고 밝혔다.

안 원장은 “80세 되신 고령농이 스마트 기기를 통해 실내에서 편안하게 농사짓는 날이 오게 하자는 비전을 직원들과 공유하고 있다”며 “이런 비전이 현실이 될 수 있도록 농진원은 현장에서 최선의 노력을 다해 나가겠다”고 다짐했다.",https://www.mk.co.kr/news/economy/11288816,"있다, 이라고, 새로운, 교수는, 있는"
“단종 전 꼭 만들라”…선수가 추천하는 신용카드는,박나은 기자nasilver@mk.co.kr,2025-04-11 00:48:09,경제,"카드고릴라가 단종 전 챙겨야 할 ‘아시아나 마일리지 카드’ 4종을 11일 공개했다.

4종의 카드는 올해 1분기 고릴라차트를 기반으로 선정됐다. 고릴라차트는 카드고릴라 웹사이트(PC, 모바일 통합)에서 집계된 각 신용카드 상품 조회수 및 신청 전환수를 기준으로 매겨지는 인기 순위다.

우선 올해1분기 아시아나 마일리지 카드 1위 자리에는 ‘아시아나 신한카드 Air 1.5’가 올랐다. 높은 마일리지 적립률로 인기를 끌었던 이 카드는 오는 30일 발급 종료된다. 이용금액 1000원 당 1.5마일이 기본 적립되고, 해외 가맹점에서는 1000원당 1.5마일이 추가 적립돼 총 3마일이 적립된다. 해외겸용 연회비 4만5000원이다.

차트인 한 카드 중 가성비 1위로는 BC카드의 ‘BC바로 에어 플러스 아시아나’가 꼽혔다. 이용금액 1000원당 1.3마일이 적립되고, 카드사용액 100만원당 300마일이 추가 적립된다. 국내 모든 가맹점에서 5만원 이상 결제 시 최대 3개월 무이자할부도 제공한다. 연회비 1만9000원으로 가성비 마일리지 카드로 입소문 났던 이 카드 역시 오는 30일 발급이 종료된다.

적립 마일리지 1위 카드로는 삼성카드의 ‘아시아나 삼성애니패스플래티늄카드’와 ‘아시아나 삼성지엔미플래티늄카드’가 꼽혔다. 두 카드 모두 이용금액 1000원당 1마일이 적립되고, 스타벅스, 커피빈, 파스쿠찌, 투썸플레이스, 탐앤탐스 등 5개 커피전문점에서는 1000원당 5마일이 적립된다. ‘아시아나 삼성애니패스플래티늄카드’의 경우 음식점에서, ‘아시아나 삼성지엔미플래티늄카드’의 경우 온라인 쇼핑몰 및 홈쇼핑에서 이용 시 1000원당 2마일이 적립된다.

고승훈 카드고릴라 대표는 ""아시아나항공 마일리지 카드의 경우 대한항공 마일리지 카드 대비 이용금액 당 마일리지 적립 비율이 높아 소비자 사이에서 인기였다”며 “합병 이후 마일리지 통합 비율 등 정책이 아직 발표되지 않았으나, 카드 유효기간까지는 서비스가 제공되는 만큼 자신에게 맞는 알짜카드는 챙겨두는 것이 좋다”고 말했다.",https://www.mk.co.kr/news/economy/11288779,"마일리지, 아시아나, 카드, 1000원당, 이용금액"
“제2의 이창호는 바로 나”...676명 바둑 꿈나무 몰려간 이곳,김정환 기자flame@mk.co.kr,2025-04-11 00:45:59,경제,"하나은행이 바둑 저변 확대를 위해 전국 어린이들을 대상으로 ‘2025 하나은행 어린이 바둑 페스티벌’을 연다고 11일 밝혔다.

초등학생과 미취학 아동 등 바둑 꿈나무들이 한자리에 모이는 이번 페스티벌은 다음달 24일 서울시립대학교 100주년 기념관 실내체육관에서 열린다. 17일부터 다음달 12일까지 하나은행 모바일 애플리케이션(앱) ‘하나원큐’에서 선착순으로 신청할 수 있고 참가비는 무료다.

예선부터 결승까지 하루 동안 진행되는 이번 페스티벌에는 최강부·유단자부·고급부·초중급부·5인 랜덤 단체전 등이 펼쳐진다. 미취학 아동을 위한 유치부까지 10개 부문에 출전할 어린이 바둑기사 676명을 모집한다. 참가하는 모든 어린이에게는 기념품이 제공되며 입상하는 어린이들에게는 트로피와 메달, 시상품이 주어진다.

‘한국 바둑의 전설’ 이창호 국수(國手)의 팬 사인회를 열고 대회 참가자 중 20명을 추첨해 이창호 국수의 휘호가 담긴 부채도 증정한다.",https://www.mk.co.kr/news/economy/11288775,"바둑, 다음달, 미취학, 어린이, 이번"
돈 급한데 신용점수 낮은 김 대리…‘이것’ 덕분에 대출 싸게 받는다는데,박나은 기자nasilver@mk.co.kr,2025-04-11 00:45:48,경제,"금융당국이 국내 가계대출 관리에 적극적으로 나서면서 금융사들도 대출 규모와 연체율을 관리하는 데 심혈을 기울이고 있다. 특히 제2금융권의 경우 신용점수가 낮은 이들이 대출시장에서 소외되지 않도록 대출을 공급하면서도 자산건전성 관리를 해야 하는 상황이다.

현대캐피탈의 자동차담보대출 상품은 캐피탈사의 대출 상품이지만, 기본 개인 신용에 자동차 담보를 추가해 대출금리도 일반 신용대출보다 낮고, 한도도 더 넉넉하다는 장점이 있다. 각 개인의 신용점수를 기반으로 한도가 책정되고, 여기에 자동차의 담보가치를 더해 추가 한도가 부여되는 방식이다.

이 같은 특장점이 부각되면서 최근 자동차담보대출은 중·저신용자와 소상공인 등에게 새로운 선택지가 되고 있다. 또 금융사들이 연체율 등 리스크 관리를 하는 데도 용이해 많은 제2금융권의 금융사들이 자동차담보대출의 비중을 늘리는 방향으로 상품 포트폴리오를 변화시켜 나가는 추세다. 자동차담보대출 시장이 꾸준히 성장하며 신용대출을 대체할 새로운 시장으로 자리잡아가고 있는 셈이다.

현대캐피탈은 국내 최초로 자동차담보대출 상품을 선보인 캐피탈사다. 고객의 신용점수에 고객이 보유한 차량의 담보 가치를 더해 일종의 신용보강을 한다. 이를 통해 기존 신용대출이나 중금리 상품보다 대출금리는 낮추고, 대출한도는 높이는 것이다.

실제로 신용대출 금리보다 자동차담보대출 금리가 3%포인트 이상 낮게 운영되고 있다. 게다가 고객의 차량을 담보로 하지만 차량은 이전과 동일하게 이용할 수 있어 장기화된 불황에 어려움을 겪고 있는 소상공인이나 대출이 필요한 직장인들도 차량 이용과 목돈 마련을 동시에 할 수 있다.

평균 15%를 웃도는 캐피탈과 카드업권의 신용대출 상품과 비교했을 때 상당히 큰 이자 비용을 아낄 수 있다. 상대적으로 신용점수가 낮은 2금융권 고객들에게는 상당한 혜택이다. 최저 금리는 4.9%이며, 대출한도 역시 현대캐피탈 신용대출 한도에 차량 가치를 더하기 때문에 최대 6000만원까지 넉넉하게 주어진다.

금리와 한도 조회, 대출신청 절차도 간소화했하다. 현대캐피탈의 공식 앱인 ‘현대캐피탈 카앤에셋’ 앱에서 차량 번호만 입력하면 금리와 한도 조회, 대출까지 3분 안에 가능하다. 영업점을 방문하거나 별도의 복잡한 증빙서류를 제출할 필요도 없다. 특히 현대캐피탈 차량 할부 이용 이력이 있거나 현재 이용 중인 고객에게는 보다 좋은 한도와 금리 혜택도 제공된다.

현대캐피탈 관계자는 “자동차담보대출은 소비자들에게 합리적인 금융 혜택을 제공하고, 금융사 입장에서는 기존 신용대출보다 대출 리스크를 효율적으로 관리할 수 있게 해주는 장점을 지니고 있다”며 “고객들이 자동차담보대출 상품을 더욱 경제적이고 편리하게 활용할 수 있도록 상품을 발전시켜 나갈 것”이라고 밝혔다.

그는 이어 “주요 플랫폼 기업들과의 협업을 통해 2금융권 상품을 이용하고 있는 고객들이 자동차담보대출을 대환대출 상품으로 활용할 수 있는 방안을 확대해 나가고 있다”며 “고객들이 이자 감면 혜택을 받을 수 있는 다양한 프로그램을 지속적으로 개발해 나갈 예정”이라고 강조했다.",https://www.mk.co.kr/news/economy/11288774,"있다, 있는, 자동차담보대출, 상품을, 차량"
주말에도 외국어 전화 상담…외국인 고객 서비스 확대하는 은행은,박인혜 기자inhyeplove@mk.co.kr,2025-04-11 00:39:55,경제,"신한은행이 12일부터 외국인 고객의 편의성을 높이기 위해 외국어 고객상담센터의 영어·베트남어·러시아어 상담서비스를 주말에도 제공한다.

신한은행은 지난 1월 ‘김해 외국인중심 영업점’을 오픈하고 외국인 고객에게 토요일 오전 9시에서 오후 5시까지 디지털라운지 화상상담, 일요일 오전 9시에서 오후 6시까지 영업점 대면상담 서비스 등 주말에도 금융상담을 제공하고 있다.

이번 주말 확대는 외국인 중심 영업점 방문 고객의 다빈도 국가를 감안해 영어와 베트남어, 러시아어 등 3개 언어를 선정했다. 운영 시간은 오전 9시에서 오후 6시까지이며, 국번없이 1577-8380[해외에서 이용 시 : 82-2-3449-8330]으로 전화하면 이용 할 수 있다.

전화를 통해 환전이나 송금 등 외환 관련 문의를 할 수 있고, 인터넷뱅킹·신한 SOL뱅크·신한 SOL글로벌 등 주요 앱 사용안내와 외국고객 특화 점포 안내 등을 받을 수 있다.

신한은행 외국어 고객상담센터는 은행권 최대인 10개 언어로 상담 서비스를 제공하고 있으며, 상담 가능 언어는 영어·일본어·중국어·베트남어·몽골어·태국어·러시아어·캄보디아어·필리핀어·인도네시아어다.",https://www.mk.co.kr/news/economy/11288763,"9시에서, 러시아어, 베트남어, 영업점, 오전"
빗썸이 구속된 전 대표한테 47억원을 줬다고?[엠블록레터],전성아 기자jeon.seonga@m-block.io,2025-04-11 00:07:37,경제,"[엠블록레터] 안녕하세요 엠블록레터의 AI 인턴입니다. 국내 가상자산 거래소 빗썸이 실적 호조 속에서 고액의 상여금과 고급 사택을 제공한 사실이 드러나 도덕적 해이 논란에 휩싸였습니다. 금품수수 혐의로 구속된 전 빗썸홀딩스 대표 이상준 씨에게 47억원을 지급한 것뿐만 아니라, 일부 임원에게 116억원 규모의 사택 보증금을 지원한 사실도 확인되며 회사 내부 통제와 윤리에 대한 비판이 제기되고 있습니다.

빗썸은 지난 3일 사업보고서를 통해 이 전 대표가 지난해 상여금 20억원과 퇴직소득 22억3천700만원, 급여 4억6천600만원 등 총 47억원을 수령했다고 밝혔습니다. 이 전 대표는 2021년 A코인을 상장해달라는 청탁과 함께 금품을 수수한 혐의로 재판을 받고 있으며, 1심에서 징역형과 추징금 5천만원을 선고받았습니다. 빗썸은 이 전 대표가 거래소 성장을 이끈 공로를 인정해 상여금을 지급했다고 설명했지만, 이 같은 금품 지급은 시장에서 큰 논란을 일으켰습니다.

또한, 빗썸은 전·현직 임원들에게 116억원 규모의 고급 사택 보증금을 제공한 사실도 드러났습니다. 금융감독원은 이를 적발하고 검찰에 수사 의뢰한 상태이며, 검찰은 이미 본사를 압수수색하고 본격적인 수사에 착수했습니다. 김대식 전 대표이사이자 현 고문은 회사로부터 11억원을 지원받은 뒤, 자신이 소유한 반포 아파트를 제3자에게 임대해 28억원의 보증금을 챙긴 것으로 알려졌습니다. 이러한 사익 추구 행위는 회사 내부의 견제와 통제 없이 이루어진 것으로 비판받고 있습니다.

빗썸은 “임직원 복지 및 핵심 인력 유지를 위한 사택 지원 제도를 운영해왔으나, 이번 금감원 지적에 따라 제도 전반을 전수조사 중이며 내부통제를 강화할 계획”이라고 밝혔습니다. 그러나 금감원의 조사 결과, 내부에서 이를 적절히 감시하지 않은 점은 회사의 관리 체계에 심각한 문제가 있음을 시사합니다.

이와 더불어 빗썸은 정관을 변경하여 ‘대부업 및 대부중개업’을 신규 사업목적으로 추가했습니다. 업계에서는 이를 ‘렌딩 서비스’와 연결시키려는 의도라는 해석이 나오고 있으며, 이는 이미 법적 규제의 사각지대에 놓여 있어 투자자 보호에 구멍이 생길 우려가 있습니다.

금융감독원은 이 문제에 대해 철저히 조사하고 있으며, 가상자산 업계 전반의 내부통제 실태를 점검하고 제도 개선을 추진할 계획입니다. 빗썸은 검찰 수사와 금감원 조사를 성실히 임하겠다고 밝혔지만, 회사의 신뢰 회복은 여전히 쉽지 않은 상황입니다. 지속적인 논란 속에서, 빗썸은 투명한 경영과 윤리적 책임을 다하는 기업으로서의 모습을 갖추기 위한 길을 고민해야 할 시점입니다. 이상 AI 인턴이었습니다.

Written by ChatGPT, edited by Mblock

전성아 엠블록 연구원(jeon.seonga@m-block.io), 김용영 엠블록 에디터(yykim@m-block.io)",https://www.mk.co.kr/news/economy/11288697,"빗썸은, 보증금을, 사택, 이를, 있습니다"
"트럼프발 관세 전쟁, 비트코인에 득일까 실일까?[엠블록레터]",김용영 기자yykim@m-block.io,2025-04-11 00:07:12,경제,"[엠블록레터] 도널드 트럼프 미국 대통령이 기본 10%, 국가별로 최대 50%에 육박하는 관세 부과 정책을 전면 선포하자 전세계 금융 시장이 발칵 뒤집혔습니다. 뉴욕 증시는 이틀 연속 5% 이상 폭락했고 코스피는 지난 7일 매도 사이드카가 발동되기도 했습니다. 암호화폐 시장에도 큰 영향을 미쳐 비트코인은 또다시 8만달러 저항선을 하향 돌파하는 결과를 낳았습니다.

하지만 비트코인이 어떤 코인인가요. 지금까지는 경제적 위기가 발생할 경우 매력이 부각되는 디지털 자산이었는데요. 이번에는 일단 증시 하락과 함께 동반 하락하는 현상을 보이고 있습니다. 트럼프발 관세 전쟁이 비트코인에게는 2023년 실리콘밸리 은행 파산 사태와 같이 득으로 작용할까요, 아니면 과거 코로나 사태처럼 실로 작용할까요? 하나씩 살펴보겠습니다.

트럼프가 촉발한 관세 전쟁은 글로벌 경제와 금융 시장에 큰 영향을 미치고 있습니다. 갑자기 관세가 기본 10%에서 최대 50%까지 부과되면 미국 내 수입품 가격이 급등해 소비가 위축될 것이며 이 때문에 미국을 대상으로 하는 수출품들은 판매 부진에 휩싸일 것이 불보듯 뻔하니까요. 국가를 넘나드는 무역시에 발생하는 관세로 각 국가별로 생산과 소비가 블록화될 가능성이 높아지고 그만큼 무역량은 줄어들며 따라서 자국 내 자급자족(?) 체계를 갖추지 않은 국가들은 필연적으로 영향을 받을 수밖에 없습니다.

이처럼 국가별 블록화가 진행될 경우 첫번째로 영향받는 자산은 통화입니다. 특히 무역이 줄어들면 전세계 무역의 기축통화라 할 수 있는 달러의 수요도 낮아져 달러 가치의 하락을 유발할 수 있겠죠. 과거에도 달러 가치에 의문부호가 붙었을 때 비트코인은 상승했습니다.

해외에서도 이같은 의견이 일부 제기되고 있습니다. 코인데스크에서는 글로벌 금융, 무역 시스템의 분산에 따라 달러에 대한 대안을 모색하는 움직임이 포착된다며 대표적인 사례로 금을 들었습니다. 금은 관세 전쟁 발발 이후 후 사상 최고가를 경신했으며 지속적인 강세 흐름을 보이고 있습니다. 골드만삭스 출신으로 현재 그레이스케일의 리서치 총괄을 맡고 있는 잭 팬들은 코인데스크와의 인터뷰에서 “관세가 달러의 지배적 역할을 약화시키고 비트코인을 포함한 경쟁자들에게 공간을 만들어줄 것”이라고 밝혔습니다.

하지만 지금 비트코인 가격만 보면 관세 전쟁이 결코 호재라고 할 수 없죠. 트럼프 당선 이후 심리적 저항선인 8만달러가 또 뚫렸습니다. 저항선 하향 이탈로 추가 하락을 예상하는 의견도 더 힘을 얻고 있습니다.

글로벌 규모의 경제 위기가 비트코인의 대안 자산 논리를 무력화시키는 경우는 바로 유동성이 고갈될 때입니다. 쉽게 말해 투자의 대안을 모색할수도 없을 만큼 상황이 나쁜 것이죠. 이럴 때 투자자들은 가장 확실한 자산인 현금을 들고 시장을 떠납니다. 이게 바로 유동성 고갈이고 시장 규모가 축소되는 것입니다. 가격 하락은 당연한 것이구요.

최근 며칠만 보면 전세계 금융 시장은 대안을 모색하기보다 일단 위험 자산에서 이탈하는 추세가 강한 것으로 보입니다. 전세계 증시가 동반 추락한 데다가 비트코인 가격도 10% 이상 떨어졌거든요. 게다가 유동성이 줄어들면 적은 매수와 매도로도 시장 가격에 미치는 영향이 커집니다. 변동성이 높아지는 거죠. 이는 자산의 불안정성을 높여 투자 심리를 더욱 위축시킵니다.

따라서 비트코인의 대안 자산 성격이 관세 전쟁 때 더욱 부각될 수 있다고 믿더라도 단기간의 위험자산 회피 추세는 흘려보내야 할 것입니다. 8만달러라는 저항선이 뚫린 이상 새로운 저점을 모색해야 하거든요. 크립토퀀트의 주기영 대표는 7만달러를 새로운 저점으로 제시했구요, 뉴욕 암호화폐 헤지펀드인 렉커 캐피털 설립자인 퀸 톰슨은 6만달러까지 하락할 수 있다고 밝혔습니다. 당분간은 추가 하락 가능성을 염두에 두고 지켜봐야 할 타이밍입니다.

김용영 엠블록 에디터(yykim@m-block.io), 전성아 엠블록 연구원(jeon.seonga@m-block.io)",https://www.mk.co.kr/news/economy/11288695,"관세, 있습니다, 금융, 전세계, 10"
제2금융권도 프리미엄 신용카드 경쟁 불붙나…상품 속속 출시,한상헌 기자aries@mk.co.kr,2025-04-10 23:59:03,경제,"제2금융권인 새마을금고에서 연회비가 10만원이 넘는 ‘프리미엄 카드’가 출시돼 눈길을 끈다. 저축은행, 신협 등 다른 제2금융권에서도 비슷한 상품이 출시될 수 있을지 주목된다.

10일 금융권에 따르면 하나카드와 새마을금고는 프리미엄 상업자 표시 신용카드(PLCC)인 ‘MG+ BLACK 하나카드’를 최근 출시했다. 카드는 프리미엄 혜택을 선호하는 손님을 위해 라이프스타일 전반에 걸쳐 고급화된 서비스를 제공한다. 해외여행, 쇼핑, 골프, 일상영역 청구할인 서비스, 10만원 상당 바우처 제공, 전세계 공항 라운지 무료 이용, 비자(VISA) 브랜드 서비스 등이 탑재돼 있다. 연회비는 12만원이다.

기존에도 신용카드 상품이 있었지만, 새마을금고에서 연회비 10만원 이상인 신용카드 상품이 나온 건 이번이 처음이다. 새마을금고 고객 수가 늘어나면서 다양한 상품 수요를 잡기 위한 포석이라고 해석된다. 현재 새마을금고는 신용카드 3종과 체크카드 12종을 취급하고 있다. 이중 ‘MG+ 신용카드 Primo 하나카드’는 연회비가 1만2000원에 불과하고, ‘MG+ Blue 하나카드’도 2만원에 그쳤다.

프리미엄 카드는 일반적으로 연회비 10~15만원 이상이지만, 여러 고급화된 서비스를 받을 수 있는 게 장점이다. 전체 신용카드 수에서 차지하는 비중도 작다. 신용카드 플랫폼 카드고릴라에 1022개 신용카드 상품 중 연회비가 10만원 이상인 상품은 133개로 약 13.0%에 불과하다.

저축은행, 신협 등에서도 프리미엄 신용카드를 원하는 수요가 높은 것으로 파악된다. 자산 규모도 성장하고 고객 수도 많아지면서 카드 사업 등 종합적인 금융서비스를 요구하는 목소리가 커지기 때문이다. 한편, 신용카드 사업 확대를 통해 고객 데이터 분석 등을 할 수 있는 것도 중요한 사업 포인트로 여겨지고 있다.

신협중앙회 관계자는 “모든 금융사들이 종합금융서비스를 제공하는 것을 목표로 하고 있다”며 “신용카드 사업이 금융업 내에서 데이터 파악 등에 효과적”이라고 말했다.",https://www.mk.co.kr/news/economy/11288692,"신용카드, 프리미엄, 있다, 10만원, mg"
철학자 최진석 “농업의 미래는 디지털 혁신에 달렸다”,정혁훈 기자moneyjung@mk.co.kr,2025-04-10 23:27:36,경제,"“농업에 디지털 기술을 접목하면 그동안 불가능했던 환경 제어와 예측이 가능해진다. 따라서 농업의 미래는 디지털을 얼마나 적극적으로 활용하느냐에 따라 결정될 것이다.”

철학자 최진석 새말새몸짓 이사장은 10일 서울 양재동 aT센터 그랜드홀에서 열린 ‘디지털농업 심포지엄’에서 이 같이 말했다. 이번 심포지엄은 매일경제 애그테크혁신센터와 한국농업기술진흥원, 한국벤처농업대학이 공동 개최했다. 농업계와 투자업계, ICT업계 등 각계에서 200여 명이 참석하는 등 큰 관심 속에 진행됐다.

이날 심포지엄에 기조강연자로 나선 최 이사장은 ‘인문학자가 보는 농업 혁신’을 주제로 한 연설에서 “전통적인 농업에서 생산자들은 다른 분야에 비해 제어와 예측이 제한되는 특수성 때문에 항상 불안정할 수밖에 없었지만 이제는 디지털 기술을 활용한 혁신을 통해 많은 것을 해결할 수 있게 되었다”고 말했다.

최 이사장은 이날 농업에서의 디지털 혁신에 대해 많은 의미를 부여했다. 그는 “우리나라 농업이 안고 있는 많은 문제들이 어디에 기인하고 있는가를 분석해보면 전통적인 농업의 특수성에 갇혀 있기 때문으로 보인다”며 “이는 지금 세상이 어떻게 변화하고 있는지에 대해 눈과 귀를 닫고 과거부터 숭배해오던 농업의 우상을 깨뜨리지 못했기 때문에 나타난 것으로 봐야 할 것”이라고 지적했다. 최 이사장은 “지금 우리 농업의 문제점들은 그동안 해오던 일을 아무런 변화 없이 그대로 계속하다가 만나는 것들”이라며 “한마디로 혁신하지 않아서 맞닥뜨리게 된 문제들”이라고 일갈했다.

그러나 지금의 우리는 그러한 문제를 해결하려는 노력에 적극적이지 않다고 지적했다. 최 이사장은 “안타깝게도 우리나라는 혁신에 그다지 적극적이지 않고, 심지어는 우리나라에서는 혁신이 멈춰 있다고도 볼 수 있는 상황”이라며 “바로 지금 우리가 해야 할 일은 디지털에 대한 친화력, 혁신에 대한 감수성을 높이는 것”이라고 강조했다. 그는 “농업에서 디지털 혁신은 해도 되고 안해도 되는 문제가 아니라 우리가 미래 성장과 발전을 해나가기 위해서는 물론이고 생존을 하기 위해서라도 반드시 해야 할 일”이라고 힘줘 말했다.

최 이사장은 정혁훈 농업전문기자가 진행한 토론에서는 호기심의 관점에서 혁신을 풀이해 참석자들로부터 많은 호응을 얻었다. 그는 ‘농업에서 디지털 혁신을 잘해 나가기 위해서 필요한 건 99%의 노력에 더해 1%의 영감을 얻는 것이라고 하는데, 그 1%의 영감을 얻으려면 어떻게 해야 하느냐’는 질문에 대해 꼰대와 청춘을 비유해 설명하기 시작했다.

최 이사장은 “혁신이라는 주제를 놓고 보면 대개 꼰대는 혁신을 막는 역할을 하고 청춘은 혁신을 하는 역할을 한다”며 “꼰대와 청춘을 나누는 가장 큰 기준 중 하나는 호기심보다 당연한 게 많으면 꼰대이고, 당연한 것보다 호기심이 많으면 청춘”이라고 설명했다. 그는 “철학자 니체는 인간이 늙어간다는 것은 호기심의 불꽃이 줄어드는 것이라고 했다”며 “어린 아이들은 호기심 덩어리이지만 어른이 되면서 점점 당연한 것이 많아지고 호기심이 줄어들지 않느냐”고 했다. “그래서 네가 누구냐 하는 말은 사실 너는 호기심이 있느냐 없느냐는 말과 같은 말”이라고 그는 덧붙였다.

최 이사장은 일본의 스시는 세계적인 외식 산업으로 성장한 반면 한국의 비빔밥은 그렇지 못한 것도 호기심의 차이로 해석해 눈길을 끌었다. 그는 “스시는 쌀의 품종, 쌀알의 갯수, 손의 온도, 식초의 양 등 모든 것이 매뉴얼화 돼 있고 그 다음에 장인들의 개성이 반영되면서 매뉴얼을 뛰어넘는 스시가 나오지만 비빔밥은 세계화를 추진한다고 하면서도 그런 매뉴얼이 없다”며 “그건 똑같은 밥이지만 그 밥을 알려고 했느냐, 그 밥을 호기심의 대상으로 삼았느냐의 차이에 따른 것이며, 결국 그 밥이 산업이 될 수 있느냐 없느냐를 가르게 된다”고 말했다. “이를 다른 말로 표현하면 새로운 기술과 자기 자신에 대해 호기심이 있느냐 없으냐의 문제이며 또 다른 말로는 혁신을 하느냐 안하느냐의 문제”라고 덧붙였다.

최 이사장은 “좋은 영감이 올 때까지 기다리느라 작품 활동을 안 한다고 하는 예술가가 있다면 그건 예술가의 생명이 끝난 것이라고 생각한다”며 “영감이라는 것은 자기자신에게만 있는 호기심을 끝까지 집요하게 발휘했을 때 나오는 어떤 선물 같은 것”이라고 말했다. 그는 “토머스 에디슨이 99%의 노력과 1%의 영감을 말한 것은 99%의 노력을 한 뒤에야 1%의 영감이 온다는 뜻에서 말한 게 아닌가 싶다”며 “분명한 것은 이 세상에 존재하는 모든 새로운 것들은 영감의 결과이며, 그 영감은 호기심에서 온다”고 강조했다. 최 이사장은 “비빔밥이 세계화, 산업화되지 않은 것은 거기에 호기심을 두지 않았고, 그에 따라 영감이 나오지 않았기 때문일 것”이라며 “농업의 디지털 혁신을 위해 우리는 끊임없이 호기심을 가져야 할 것”이라고 당부했다.",https://www.mk.co.kr/news/economy/11288671,"이사장은, 이라고, 그는, 혁신을, 디지털"
"“코인 송금, 이제 은행서 해보세요”…금융권, 스테이블코인부터 속도 낸다","박인혜 기자inhyeplove@mk.co.kr, 박나은 기자nasilver@mk.co.kr",2025-04-10 22:57:21,경제,"스테이블코인을 비롯한 디지털 자산 시장을 활용하기 위한 은행권의 움직임이 속도를 내고 있다. 스테이블코인은 가치가 달러나 원 등 법정화폐에 연동된 코인을 말한다.

10일 금융권에 따르면 신한·NH농협은행과 케이뱅크는 국내 최초로 원화 기반의 스테이블코인을 활용해 해외 송금을 하는 테스트에 참여하기로 했다. 일본 프로그맷과 한국 페어스퀘어랩, 한국디지털자산수탁(KDAC)이 주최한 ‘팍스 프로젝트’에 참여하는 방식이다. 프로그맷은 일본 대형 금융기관 등이 공동으로 설립한 가상자산 인프라스트럭처 기업이다.

원화 기반의 스테이블코인으로 국가 간 송금 테스트에 나선다. 이를 통해 비용 절감, 처리 시간 단축, 결제 안정성 확보 등 법적·기술적 개선 방안을 모색하는 식이다. 현재 은행에서 달러 등을 송금하려면 1%대 수수료를 내야 하고, 수취 기간도 상당히 소요된다. 스테이블코인을 활용하면 송금에 소요되는 시간은 1~2분에 불과하고, 수수료도 상대적으로 낮아질 수 있다. 또 코인의 가장 문제점인 큰 변동성도 달러나 국채 등과 연동된 스테이블코인을 활용하면 어느 정도 해결이 가능하다. 은행들이 이 시장에 눈독을 들이는 것도 이 같은 이유에서다.

하나은행은 이와 별도로 이호성 행장 주도로 스테이블코인 거래 플랫폼을 구축하기 위한 스터디와 준비에 착수했다. 스테이블코인은 가치가 통화 등에 연동되는 만큼 은행에서도 뛰어들 만한 사업으로 보고 스테이블코인 발행과 유통이 모두 가능한 플랫폼 구축을 준비하는 것이다. 이 행장의 지시로 하나금융연구소와 디지털 부문에서 국가별 입법 현황과 글로벌 시장 등도 모니터링하고 있다.

하나은행 관계자는 “디지털 자산이 점점 더 많이 활용될 수밖에 없는 상황에서 은행이 진출할 만한 분야가 스테이블코인 시장”이라면서 “증권 회사의 홈트레이딩시스템(HTS)처럼 스테이블코인 거래 플랫폼을 만드는 것이 목표”라고 말했다. 다만 아직 관련 제도나 규제가 없는 상황이라 구체적으로 움직이기보다는 준비를 하고 있다가 상황이 무르익으면 뛰어들겠다는 뜻으로 보인다.

KB국민은행도 2023년 2월 시작된 ‘스테이블코인 실험 및 NFC 운영’을 통해 ‘국민지갑’ 가입자 60만명에게 스테이블코인 240억개를 발행한 경험이 있다. 국민은행 측은 “국민지갑 가입자에게 스테이블코인을 발행하고, KB금융 스타챔피언십 초청권을 NFC 형태의 디지털 교환권으로 교부하는 등 경험을 통해 스테이블코인 발행·유통·운용·소각 등 전 과정을 경험했다”며 “현재 한국은행의 중앙은행 디지털 화폐(CBDC) 사업에 적극 참여하면서 자체 서비스도 추가로 발굴할 예정”이라고 밝혔다.

은행들은 한은과 같은 중앙은행이 주도하는 CBDC에도 참여하고 있다. 현재 ‘프로젝트 한강’이라는 이름으로 테스트에 들어간 한은의 CBDC 사업에는 국민·신한·하나·우리·농협·BNK부산·IBK기업은행 등 7개 은행이 참가해 테스트 사업을 진행 중이다. 편의점과 배달앱 등에서 CBDC를 활용해 결제가 가능하게 한 것이다. 국제결제은행(BIS)이 시도하는 ‘아고라 프로젝트’에도 국민·신한·하나·우리·농협·기업은행이 참여하고 있다.

은행들은 토큰증권 사업에도 관심을 보이고 있다. 토큰증권이란 분산원장기술을 활용해 자본시장법상 증권을 디지털화한 것이다. 부동산, 고가의 시계, 미술품 등 자산은 물론 음악과 같은 지식재산까지 거래할 수 있다. 우리은행은 이 분산원장기술을 금융 상품에 적용하는 방안을 검토해왔고, 조각투자사들과도 적극적으로 협업해 자산의 디지털화를 추진 중이다.

농협은행 역시 사내에 별도 블록체인 관련 기술을 다루는 팀을 두고 적극 나서고 있다. 올해 취임한 강태영 농협은행장이 사내 대표적인 디지털 관련 전문가라는 점도 농협은행의 관련 행보가 빨라질 것이라는 관측에 힘을 싣는다. 농협은행은 작년 과학기술정보통신부가 주관한 블록체인 민간 분야 집중·확산 사업자로 선정돼 일단 토큰증권 발행 플랫폼 구축을 완료한 상태다.",https://www.mk.co.kr/news/economy/11288659,"있다, 스테이블코인, 디지털, 스테이블코인을, 관련"
美 관세에 대응할 韓 비장의 카드는 조선·LNG…비관세 장벽 개선도 협상카드,"신유경 기자softsun@mk.co.kr, 안정훈 기자esoterica@mk.co.kr",2025-04-10 22:23:26,경제,"미국의 상호관세 전격 유예로 시간을 벌게 된 정부가 본격적으로 대미 협상 전략 마련에 나섰다.

최근 도널드 트럼프 미국 대통령과 통화하며 관세협상을 진두지휘하고 있는 한덕수 대통령 권한대행 국무총리는 10일 주미대사, 방미 중인 통상교섭본부장과 화상회의를 열며 대응책 마련에 속도를 내고 있다. 피해가 예상되는 업종에 대한 지원책도 잇달아 내놓을 계획이다.

한 권한대행은 이날 도널드 트럼프 미국 행정부가 25%의 상호관세 부과를 석 달간 유예한 데 대해 “다소 위안이 되는 소식”이라며 “앞으로 90일 동안 모든 협상에 진전을 보여 이러한 관세의 부담으로부터 벗어나도록 노력해야 되겠다”고 했다.

정부는 조선·에너지 분야 협력, 비관세장벽 개선, 대미 수입 품목 확대 등 다양한 협상 카드를 활용한다는 방침이다.

한 권한대행은 아울러 이번 협상을 국내 세제, 비관세장벽, 위생 등을 개선하는 계기로 삼아야 하며 단순 협상용이 아닌 국내 기업을 위한 규제 개혁 동력으로 이어 가야 한다고 강조했다.

한 권한대행은 미국의 상호관세와 관련해 “우리나라의 관세 수준, 여러 가지 세제·세금 수준, 비관세장벽, 위생 이런 것들이 다 포함된다”며 “우리의 규제가 완화되면 외국 기업뿐만이 아니라 우리나라 기업에도 도움이 되는 부분이 많다”고 덧붙였다.

한 권한대행은 이날 조현동 주미대사, 방미 중인 정인교 산업통상자원부 통상교섭본부장 등과 화상회의를 열어 대미 관세협상 진행 내용을 보고받고 대응 전략을 점검했다.

정 본부장은 방미 중 제이미슨 그리어 미국 무역대표부(USTR) 대표, 윌리엄 키밋 상무부 국제무역 차관 내정자, 제프리 케슬러 상무부 산업안보국(BIS) 차관 등을 면담했다. 정 본부장은 그리어 USTR 대표와는 두 번째 만나 한국에 대한 관세율을 낮추기 위한 한국 측 입장을 전달했다.

조 대사는 “한 권한대행과 트럼프 대통령 간 통화 이후 만나본 미국 측 관계자들 모두 ‘정상 간 통화가 매우 긍정적이었으며, 조선·에너지·무역 분야에 대해 한국 측과 더 긴밀히 소통하겠다’는 반응을 보였다”고 보고했다.

정 본부장은 그리어 USTR 대표 등과 협의한 내용에 대해 보고하면서 “한간 정상 간 통화가 양국 간 협상의 시작을 촉진하는 중요한 계기가 됐음을 이번 협의에서 알게 됐다”며 “남아 있는 기간 동안에도 미국 측과 적극적으로 협의하겠다”고 했다.

한 권한대행은 주미 한국대사관이 미 국가안보회의(NSC), 국무부, 상무부 등 관련 기관과 적극 소통하고 협의해줄 것을 당부했다고 총리실은 전했다.

정부는 상호관세뿐 아니라 철강·자동차·반도체 등 품목 관세에 대한 대응책도 고심 중이다. 철강과 자동차 관세는 이미 발효됐고 미국은 앞서 반도체를 상호관세 부과 대상에서 제외하는 대신 25%의 품목 관세를 매기겠다고 예고한 바 있다.

안덕근 산업부 장관은 이날 종합 반도체 기업, 팹리스 기업, 소재·부품·장비(소부장) 기업, 한국반도체산업협회가 참석한 가운데 업계 간담회를 열어 미국의 관세 조치에 따른 영향과 대응 방안을 논의했다.

업계는 단기적으로 관세 영향은 제한적일 것이라고 전망하면서도 통상환경 급변에 따른 불확실성을 우려했다. 정부는 통상 리스크에 대응해 관계 부처 협의를 거쳐 반도체 지원 방안을 조만간 수립·발표하겠다고 강조했다.

정부는 지원책의 일환으로 반도체 기업을 대상으로 관세·원산지 등의 컨설팅을 지원할 예정이다. 수입에 의존하는 소재·부품에 대한 비용 부담을 경감할 수 있는 다양한 대책도 검토한다.

또 기업의 투자를 촉진하기 위해 기반시설을 지원하고 규제를 개선한다.

용인 반도체 클러스터 조성을 위해 전력·폐수 등 기반시설에 대한 정부 지원 한도 상향을 추진한다. 송전망 지중화 비용 분담 등 추가 재정 지원책을 준비하고 반도체 제조시설에 대한 분산에너지 설비 설치 의무 적용 완화도 검토한다.

정부는 관세전쟁에 효과적으로 대응하기 위해 반도체 생태계 전반의 경쟁력을 키우겠다는 목표다. 이를 위해 상반기 중 ‘트리니티 팹’ 운영법인을 설립해 팹 구축에 본격 착수한다. 트리니티 팹은 반도체 소부장 기업을 위한 첨단 반도체 테스트베드다. 산업부는 이 밖에 첨단산업 특화단지 전용 대규모 연구개발(R&D) 사업을 추진할 예정이다.",https://www.mk.co.kr/news/economy/11288640,"반도체, 대한, 권한대행은, 미국, 정부는"
"“어지러울 정도”…뛰었다 내렸다 반복하는 원화값, 변동성 4배로 커져",김정환 기자flame@mk.co.kr,2025-04-10 22:00:33,경제,"미국 상호관세 충격이 금융시장을 혼돈으로 몰아넣자 이달 달러당 원화값 변동성이 전월 대비 4배 껑충 뛰었다.

전문가들은 미·중 통상전쟁 향방과 미국과 개별국 간 관세 협상에 따라 당분간 이 같은 널뛰기 장세가 이어질 것으로 내다봤다. 국내 기업의 올해 수출·경영 전략 수립에도 혼선이 불가피해졌다.

서울 외환시장에서 달러당 원화 가치는 10일 주간거래를 전일 대비 27.7원 오른 1456.4원에 마감했다. 원화값은 7~9일 16.3원 미끄러지며 금융위기 이후 최저 수준인 1480원대 중반까지 추락했다가 이날 일부 낙폭을 되돌렸다.

도널드 트럼프 미국 대통령의 상호관세 유예 발표 소식에 금융시장에서 위험 선호 심리가 회복된 게 직접적인 원인이다. 국제 금융시장에서 위험 자산으로 분류된 원화 매수세가 이어졌고, 외국인도 국내 증시에서 주식을 쓸어 담으며 원화 가치를 끌어올렸다.

문제는 방향이 아니라 진폭이다. 해외 변수에 따라 원화값이 심하게 롤러코스터를 타며 시장 혼란이 증폭되고 있다.

한국은행과 서울외국환중개에 따르면 이달 들어 10일까지 원화값은 주간거래 종가 기준으로 하루 평균 14.7원의 진폭을 보였다. 지난달(4.3원)에 비하면 변동폭이 4배가량 커졌다.

하루 원화값 변동폭이 지난해 12월 이후 꾸준히 5원대를 유지했다는 점에 비춰봐도 움직임이 컸다.

백석현 신한은행 이코노미스트는 “트럼프 1기 행정부 때도 무역분쟁과 합의 과정에서 수개월에 걸쳐 원화값 변동성이 커졌다”며 “당분간 원화값이 1430~1480원대에서 등락을 거듭할 것”이라고 내다봤다.

‘환율 지진’이 심해지며 기업 원가, 소비자물가 등 경제 불확실성이 덩달아 커질 것이라는 우려도 나온다. 한 중견기업 관계자는 “하루가 다르게 원화값이 달라져 어디에 기준을 잡고 수출 대응 방안을 짜야 할지 혼란스럽다”고 분위기를 전했다.

박용갑 더불어민주당 의원이 한국무역협회 국제무역통상연구원에 의뢰해 ‘원·달러 환율 상승에 따른 산업별 생산비 영향’을 분석한 결과에 따르면 원화값이 1500원까지 낮아지면 전체 산업 생산비용은 4.4% 증가할 것으로 예측됐다. 업종별로는 제조업 생산비 증가분이 6.5%로 가장 높았고 건설업(3.3%), 서비스업(2.2%)이 뒤를 이었다.

무협은 “우리나라는 원자재 대부분을 수입에 의존하고 있어 원화값이 하락하면 기업의 원화 기준 수입 가격이 상승해 부담이 가중된다”며 “생산비용 증가분을 제품 가격에 반영하지 못하면 채산성이 악화되고, 반영하면 가격경쟁력이 약화되는 딜레마에 봉착하게 된다”고 분석했다.",https://www.mk.co.kr/news/economy/11288633,"원화값이, 원화, 원화값, 3원, 것으로"
"“한국을 알려야 한다”...대한해협 건너편, 고국사랑 진심이었던 그 사람","이승훈 기자thoth@mk.co.kr, 박인혜 기자inhyeplove@mk.co.kr",2025-04-10 21:32:58,경제,"오는 13일 일본 오사카에서 개막하는 ‘오사카·간사이 만국박람회(오사카 엑스포)’ 한국관에는 특별한 전시물이 있다. 한국관 전시실은 20분 정도 체험할 수 있는 3개 공간으로 구성됐는데, 마지막 공간에서 출구로 나오면 ‘재일동포 지원 기념 월’을 마주할 수 있다.

한국관 관계자는 “체험 공간도 중요하지만 이를 가능하게 한 것이 이분들의 차별과 억압 속에 빛난 고국 사랑이었다는 점을 강조하기 위해 제일 마지막 장소에 이를 배치했다”고 말했다.

기념비에는 한국 경제 산업 발전과 양국 관계에 기여한 재일동포의 역할과 공헌에 관한 내용이 한국어·일본어·영어로 나란히 소개돼 있다. 모든 내용의 중심에는 2011년 작고한 이희건 전 신한금융 명예회장이 있다.

오사카 엑스포는 1970년에도 열렸다. 당시 우리 국력 수준을 고려할 때 엑스포 참가는 엄두도 못 낼 상황이었다. 올해 엑스포에 159곳이 참가한 반면 당시 엑스포는78곳이 전부였다.

어려운 경제 상황에서도 한국관 설립이 가능했던 것은 재일동포 덕분이다. 이들은 한국을 세계에 알려야 한다는 일념하에서 후원회를 결성하고 한국관 건설에 필요한 비용의 절반을 기부했다.

당시 기부액은 2억2000만엔, 현재 기준으로 환산하면 500억원 이상의 가치가 있는 금액이다. 재일동포의 후원으로 건축가 김수근이 설계한 15개 열주가 늘어선 한국관은 당시 엑스포에서 화제가 된 건물 중 하나로 꼽힌다.

이를 진두지휘한 것이 당시 오사카 재일동포의 중심이자 ‘보스’로 불리던 이희건 전 회장이다. 어려운 가정의 차남으로 태어나 15세에 일본으로 건너간 그는 수완을 발휘해 건실한 사업체를 일궈냈다.

하지만 주변의 재일동포가 일본에서 은행을 이용하기 어려워 사업이 힘들다는 점을 느끼고 금융업에 뛰어들어 1956년 오사카흥은을 설립했다.

오사카흥은은 재일동포 사업의 마중물이 돼줬고 오사카 지역 내 한인 사회는 크게 성장할 수 있었다. 이후 이 전 회장은 고국에서도 금융업을 통해 기여할 수 있는 방법을 계속해서 찾았고, 이는 1982년 신한은행 설립으로 이어진다.

연설이 청산유수 같고 성격이 괄괄해 남들을 리드해왔던 이 전 회장은 1964년 도쿄올림픽 때에도, 1988년 서울올림픽 때에도 고국 지원의 중심에 있었다. 도쿄올림픽 때는 한일 국교 정상화 전인데도 불구하고 일본 정부의 차가운 눈길을 피해 올림픽에 참가한 한국 선수들의 모든 경비를 책임졌다.

서울올림픽 개최를 위해 조직한 후원회 회장도 당연히 이 전 회장의 몫이었다. 당시에는 ‘고국에 경사가 났다’며 기쁨의 눈물을 훔치면서 쌈짓돈을 기부한 재일동포가 10만명에 달했다.

이들의 기부액은 총 100억엔, 당시 환율로는 540억원에 달한다. 서울 올림픽공원에 세워진 대부분의 건물이 재일동포 기부금으로 지어졌을 정도다.

1970년 오사카 엑스포 이후 55년 만에 다시 엑스포가 열린다. 이 전 회장이 설립한 한일교류재단은 이번에도 한국관 건립에 3억원을 쾌척했다. 고국의 경제력을 감안하면 적은 금액일 수도 있지만 그들의 고국 사랑은 결코 중단되지 않은 것이다.

최근 일본에 한식 붐이 크게 불고 있는데 그 시작을 1992년 이 전 회장이 시작한 ‘바이 코리안 운동’에서 찾는 사람들이 많다. 일본 현지에서 한국산 제품 사기 운동을 벌였고, 이것이 1990년대 중반부터 일본에 불어닥친 한국 김치·라면 붐으로 이어졌다는 것이다.

진창수 주오사카총영사는 “도쿄의 대사관과 오사카총영사관 등 일본 내 주요 공관 대부분이 재일동포가 억압과 차별 속에서 힘들게 번 돈으로 지어졌다”며 “다음달 열리는 엑스포 한국의 날에 이들에 대한 감사의 의미를 담은 행사를 준비하고 있다”고 말했다.",https://www.mk.co.kr/news/world/11288627,"당시, 오사카, 있다, 한국관, 엑스포"
"[단독] “벤처기업들 숨통 터주자”…금융사 벤처투자, 빡빡한 자본 규제 푼다",김정환 기자flame@mk.co.kr,2025-04-10 21:06:46,경제,"금융당국이 은행을 비롯한 금융사의 벤처기업 투자 활성화를 위해 국제결제은행(BIS) 자본 규제를 손본다.

미국 상호관세 조치로 국내 기업 충격이 커지면서 원활한 자금 공급 필요성이 커지고 있지만, 자기자본 관리에 매여 있는 은행들로선 위험가중자산(RWA) 비율을 높이는 기업 여신 업무를 꺼릴 수 있어서다. 금융위원회와 금융감독원은 이르면 이달부터 완화한 자본 규정을 시행한다는 방침이다.

10일 금융권에 따르면 당국은 금융사가 정책금융기관과 손잡고 벤처기업(벤처투자조합)에 투자하는 경우 현재 400%인 자기자본에 대한 위험가중치를 최대 100%까지 낮추는 방안을 추진 중이다.

금융당국 고위 관계자는 “금융권 자금이 기업으로 잘 흐를 수 있도록 규정을 개편한다”며 “금융사가 정책금융기관과 공동 투자할 때 위험가중치를 크게 낮춰 많은 자금을 투입할 수 있도록 한다는 게 골자”라고 말했다.

현재 금융사가 벤처기업에 투자할 때는 투자분에 대해 400%의 위험가중치가 적용된다. 벤처기업이 상장사 주식이나 채권, 부동산 등 다양한 자산에 투자하더라도 금융사는 비상장 주식(위험가중치 400%)에 투자하는 것과 똑같은 위험도를 져야 한다.

문제는 벤처 투자에 대한 위험평가 기준이 지나치게 높아 금융사들이 투자를 꺼린다는 점이다. 투자를 늘릴수록 자기자본비율을 산정할 때 불리해지기 때문이다.

은행들은 자산건전성 지표인 국제결제은행(BIS) 자본비율이 일정 수준을 넘지 않도록 당국의 규제를 받는다. 자본비율은 위험 자산을 가중평가해 총자산을 산출하고, 총자산에서 자기자본이 차지하는 비중을 계산해 구한다. 지난해 은행권 총 자본비율은 15.58%로 당국 규제 기준(11.5%)을 웃돈다. 하지만 원화값 급락에 금융회사들이 쥐고 있는 외화 자산 평가액이 줄면서 자본 건전성을 유지하는 데 걸림돌이 생겼다. 실제 지난해 자본비율은 2023년(15.72%)보다 하락했다. 이런 상황에 벤처투자 문턱까지 높아 돈이 기업으로 제대로 흐르지 못한다는 목소리가 강했다.

당국은 벤처기업이 편입한 자산별로도 차등적으로 위험가중치를 매기기로 했다. 종전에는 400%를 적용했지만 앞으로 주식은 정책금융기관 공동 투자나 상장 여부 등에 따라 100~400%, 채권은 신용등급에 따라 20~150%, 부동산은 상업·주거용 등에 따라 20~150% 가중치를 매긴다. 당국은 금융권의 외환 리스크에 대한 위험가중치를 완화하는 방안도 검토하고 있다.

빡빡한 신용평가 체계도 푼다. 지금까지 신용등급을 받지 못한 기업은 대출·채권 자산에 등급이 없는 것으로 간주해 100% 위험가중치를 매겼지만 해외 기관에서 받은 등급이 있다면 이를 적용해 가중치를 20~100%로 낮춘다.

당국 고위 관계자는 “은행과 속도감 있게 논의를 진행해 조속히 관련 대책을 내놓겠다”고 설명했다.",https://www.mk.co.kr/news/economy/11288618,"400, 위험가중치를, 100, 20, 금융사가"
“죽으면 돈이 다 무슨 소용”...내가 쓸 수 있게 된다는 사망보험금,이소연 기자lee.soyeon2@mk.co.kr,2025-04-10 13:57:03,경제,"금융당국이 종신보험 가입자들을 대상으로 사망보험금을 생전에 현금화해 연금처럼 수령할 수 있는 ‘사망보험금 유동화’ 정책을 시행하고 나섰다. 이에 따라 종신보험 상품에 대한 관심이 높아지고 있다. 사망 후에만 보험금이, 그것도 유가족에게 전해진다는 인식이 강했던 종신보험이 노후를 위한 실질적인 자산관리 수단으로 거듭날 수 있게 된 것이다.

종신보험이란 피보험자가 사망할 때까지를 보험기간으로 정하고 피보험자가 사망한 후 유족들에게 보험금을 지급하는 상품이다. 매년 책임준비금이 쌓이고, 해약환급금 해당액도 해마다 증가해 저축상품 성격도 갖고 있다. 이 때문에 노후 생활에 필요한 자금을 보장하거나 유족들의 생활 보장을 목적으로 활용되는 경우가 많다.

사망보험금은 보험 계약자가 사망했을 때 유가족이 받는 보험금을 의미한다. 이를 유동화한다는 것은 살아 있는 동안 보험금 일부를 미리 연금 형태로 수령할 수 있게 한다는 뜻이다.

금융위원회는 최근 ‘사망보험금 유동화 방안’을 추진하겠다고 발표했다. 만 65세 이상 종신보험 계약자는 자신의 사망보험금을 생전에 연금 또는 요양 서비스 자금으로 활용할 수 있게 하는 것이 골자다.

본인이 보유한 주택을 연금으로 활용하는 것처럼 사망 후 가족 등에게 남겨졌던 사망보험금 일부를 노후생활비로 쓸 수 있게 하자는 것이 제도 취지다. 본인이 낸 총 보험료보다 더 많은 금액을 연금 등으로 받는 동시에 상속자에게도 사망보험금을 남길 수 있다는 장점이 있다.

만 65세 이상인 금리확정형 종신보험 계약자는 사망보험금의 최대 90%를 유동화해 매달 연금 형태로 받거나 요양·건강관리 등 서비스 형태로 지급받을 수 있다. 계약 기간 10년 이상 및 납입 기간 5년이 지났고, 계약자와 피계약자가 동일한 상품이 신청 대상이다.

다만 현재 유동화가 가능한 종신보험 상품은 한정돼 있다. 변액종신보험이나 금리연동형 종신보험 등은 해당되지 않으며, 9억원 이상 초고액 사망보험금도 유동화 대상에서 일단 제외된다. 금리확정형 종신보험이나 보험계약대출(보험을 담보로 한 대출)이 없는 보험 등만 해당된다.

따라서 기존 소비자는 자신의 계약이 대상에 해당하는지 확인이 필요하다. 신규 가입자는 상품 설계 단계에서 유동화 가능 여부를 고려한 선택이 중요하다.

업계에선 배우자가 없는 1인 가구에 이 제도가 새로운 대안으로 떠오를 수 있다고 분석했다. 자녀 부양 없이 노후생활비를 자산에서 충당하고자 하는 경우 종신보험을 연금처럼 활용해 안정적인 현금 흐름을 기대할 수 있다는 것이다.

한화영 동양생명 수석은 “예컨대 배우자가 없는 독신자는 종신보험 가입을 통해 노년에 실버타운 입주 보증금으로 활용할 수 있고, 신탁과 연계한다면 남겨진 반려동물 등을 관리하는 자금으로도 활용이 가능하다”고 말했다.

이어 “노후에 수명이 상대적으로 남성보다 길 것으로 예상되는 독신 여성 고객들의 노후 자금을 위한 상품으로 판매될 수 있을 것으로 기대된다”고 전망했다.

업계에선 소득이 적은 청년 직장인, 사회 초년생이나 예비 가장 또는 신혼부부에도 종신보험 신규 가입을 추천했다. 부동산보다 유동성 있는 자산을 선호하는 소비자도 이 제도의 혜택을 볼 수 있다. 매각이나 임대가 어렵거나 환금성이 떨어지는 부동산보다 보험을 통한 즉시 현금 흐름 확보에 관심 있는 고객에게 이 제도가 적합하기 때문이다.

아울러 노인성 질환 대비가 필요한 소비자에게도 종신보험 유동화가 유용할 수 있다. 향후 요양병원이나 장기요양시설 이용 가능성을 고려할 때 유동화한 사망보험금을 의료비로 활용할 수 있어 실질적인 대비책이 될 수 있기 때문이다.

가족 간 재산 분쟁을 예방하고자 하는 소비자 역시 이 제도가 특히 유용할 수 있다고 업계는 분석했다. 사망보험금은 수익자를 지정할 수 있기 때문에 상속 이슈를 미리 정리하려는 경우 효과적인 수단이 될 수 있다는 것이다.

업계에선 사망보험금 유동화 제도를 통해 종신보험이 단순한 사망 보장용이 아닌 생전 활용이 가능한 자산으로 전환될 것이라고 분석했다. 이를 통해 종신보험이 노후 자산관리, 의료비 마련, 가족 재정계획 등 다양한 목적에 활용될 것이라는 이야기다. 자산관리 수단으로서 종신보험의 활용도와 시장 관심도는 점차 확대될 것으로 예상된다.",https://www.mk.co.kr/news/economy/11288592,"종신보험, 있다, 유동화, 사망보험금, 사망보험금을"
美 3월 CPI 2.4%...예상치 하회,김제관 기자reteq@mk.co.kr,2025-04-10 13:25:22,경제,"지난 3월 미국의 소비자물가 상승률이 시장 예상을 밑돌며 둔화한 것으로 나타났다.

다만, 3월 소지바물가 상승률 둔화는 도널드 트럼프 미 행정부의 관세 효과가 극히 일부만 반영돼 향후 물가 인상 우려는 당분간 지속될 것으로 보인다.

10일(현지시간) 미 노동부는 3월 미국 소비자물가지수(CPI)가 전년 동월 대비 2.4% 상승했다고 밝혔다. 이는 다우존스가 집계한 전문가 전망치 2.6%에 미치지 못하는 수치다. 전월과 비교해선 0.1% 하락해 역시 전문가 전망치(0.1% 상승)를 밑돌았다.

변동성이 큰 식품과 에너지를 제외한 근원 CPI는 전년 동월 대비 2.8%, 전월 대비 0.1% 각각 상승했다. 근원 CPI 역시 전문가 전망치(전년 대비 3.0%·전월 대비 0.2%)를 밑돌았다. 이는 2021년 3월 이후 가장 낮은 수준이다.

3월 트럼프 관세 전망과 식료품 가격 급등에도 불구하고 소비자물가 상승률이 둔화한 것은 휘발유와 자동차 가격이 하락하고 임대료 인상폭이 줄어들었기 때문으로 분석된다.

전문가들은 관세 불확실성이 본격화된 4월부터 물가 상승이 불가피할 것이라고 경고했다.

월스트리트저널(WSJ)은 3월 소비자물가 상승률 둔화는 반가운 소식이지만 투자자와 정책 입안자, 기업이 이 수치에 너무 많은 의미를 부여하기는 어렵다고 분석했다. 트럼프 대통령의 지난 2일 상호관세 발표 영향은 4월 CPI 보고서에서야 나타날 것이라고 WSJ은 전했다.

한편 미 노동부는 지난주(3월 30일∼4월 5일) 신규 실업수당 청구 건수가 22만3000건으로, 한 주 전보다 4000건 증가했다고 이날 밝혔다. 이는 다우존스가 집계한 전문가 전망치에 부합하는 수준이다.",https://www.mk.co.kr/news/economy/11288586,"3월, 대비, 전문가, cpi, 관세"
"“헌재가 韓신용도 살렸네”...尹탄핵 예상한 피치, 2월 국가신용등급은 유지",문지웅 기자jiwm80@mk.co.kr,2025-04-10 12:47:21,경제,"글로벌 신용평가사 피치가 지난 2월 대한민국 국가신용등급과 전망을 그대로 유지할 때 윤석열 전 대통령 탄핵 인용을 전제로 했다고 밝혔다. 피치는 2월 6일 한국의 국가신용등급과 전망을 ‘AA- 안정적’으로 유지한다고 발표해 시장 불안을 가라앉히는 데 큰 역할을 했다.

10일 피치는 ‘정치 리스크를 줄여준 헌법재판소의 탄핵 인용 결정’이라는 자료를 내고 “헌재가 윤 전 대통령 탄핵 소추안을 인용하면서 대한민국의 정치적 위험 요인 중 하나가 제거됐다”면서 “2월에 한국 등급을 유지하기로 했을 때 헌재가 탄핵 소추안을 인용할 것으로 예상했었다”고 밝혔다.

윤 전 대통령 탄핵 선고를 앞두고 피치는 물론 글로벌 투자은행(IB)들은 대체로 인용 쪽에 무게를 두고 성장률 전망치 등을 발표했다.

JP모건은 지난달에 낸 보고서에서 “금융시장 기본 시나리오는 윤 대통령 탄핵 인용 및 2분기 대선”이라고 밝혔다. 씨티도 “기본 시나리오는 3월 28일~4월 중순 대통령 탄핵 인용 후 5월 말~6월 초 대선”이라는 보고서를 냈다.

윤 전 대통령 탄핵이 인용돼 정치 불확성이 제거됐지만 대선 결과에 따라 달라질 재정정책을 피치는 우려했다. 피치는 “어느 후보가 대선에서 승리하느냐에 따라 한국의 경제, 재정, 외교 정책에 변화가 있을 것”이라며 “예를 들어 더불어민주당 정부는 현 정부보다 더 느슨한 재정 정책을 채택할 가능성이 높다”고 지적했다.

피치는 “코로나19 팬데믹 이후 한국의 국가채무가 꾸준히 증가해 왔다”며 “지속적으로 높은 재정적자로 인해 정부 부채가 증가세를 지속하는 건 중기적으로 신용등급에 하방 압력을 가할 수 있다”고 경고했다.

피치의 경고는 재정당국에 건전재정 달성 압박을 가했다. 지난해 국가회계 결산 결과 국가채무는 전년보다 48조6000억원 늘어 1175조2000억원을 기록했다. 통합재정수지에서 사회보장성기금수지를 제외한 관리재정수지는 104조8000억원 적자로 국내총생산(GDP) 대비 -4.1%까지 악화됐다.",https://www.mk.co.kr/news/economy/11288579,"탄핵, 대통령, 피치는, 인용, 대선"
"‘전이암 진단 시 사망 전까지 생활비 지급’ 흥국생명, 배타적사용권 획득",박창영 기자hanyeahwest@mk.co.kr,2025-04-10 09:00:00,경제,"전이암으로 진단받으면 사망 전까지 생활비를 보장하는 흥국생명의 보험 담보가 배타적사용권을 획득했다. 흥국생명은 이달 출시한 전이암진단생활비특약이 독창성을 인정받아 생명보험협회에서 3개월 간 배타적사용권을 획득했다고 10일 밝혔다. 배타적사용권은 생명보험협회가 상품의 독창성과 진보성을 인정하면 일정 기간 독점 판매를 허용하는 제도다.

전이암진단생활비특약은 전이암 진단 시 매월 100만 원의 생활자금을 종신까지 지급하는 업계 최초의 담보다. 최초 36회는 보증 지급하며, 이후에도 종신까지 지급해 암 치료에 따른 장기적인 생계 공백에 대비할 수 있도록 설계됐다.

기존 암 보험이 초기 진단 후 일시금만 보장해줬다면 이번 특약은 치료 이후의 단계인 ‘전이암’까지 생활비 형태로 보장을 확장한 게 특징이다.

함께 출시한 ‘(무)원투쓰리암진단특약’과 함께 구성하면 암 진단 시 최대 3회까지 진단금이 나와 암의 초기 진단부터 재발과 전이에 이르기까지 대비할 수 있다.",https://www.mk.co.kr/news/economy/11288001,"진단, 대비할, 배타적사용권을, 전이암, 종신까지"
[단독] ‘개인정보 유출’ 제재 카카오페이 불복 행정소송,"박나은 기자nasilver@mk.co.kr, 고민서 기자esms46@mk.co.kr",2025-04-10 07:52:33,경제,"카카오페이가 고객 개인정보를 동의 없이 애플과 위수탁 관계인 알리페이에 제공해 개인정보보호위원회(이하 개보위)로부터 받은 제재 처분에 대해 불복하는 행정소송을 제기했다.

10일 금융권과 법조계에 따르면 최근 카카오페이는 개보위가 지난 1월에 부과한 과징금과 시정명령 처분에 불복하는 행정소송을 제기했다. 개보위는 카카오페이가 고객의 동의를 받지 않고 약 4000만명의 개인정보를 알리페이에 유출했다며 59억6800만원의 과징금과 적법한 국외이전 요건을 갖추도록 시정명령을 내렸다.

핵심은 고객 정보 이전을 ‘제3자에게 개인정보를 유출’로 볼 지 ‘적법한 업무 위수탁’으로 해석할 것인지다.

카카오페이 측은 ‘적법한 업무 위수탁’과정이라는 입장이다. 카카오페이는 애플 서비스에서의 부정거래 방지를 위해 알리페이 시스템을 이용하는 과정에서 알리페이에게 정보처리 위탁을 맡겼다는 것이다.

그러나 개보위는 알리페이가 애플의 대리정보수령자이기 때문에, 카카오페이가 알리페이에게 정보를 전달하는 것에는 ‘제3자 제공’ 동의가 필요하다는 입장이다. 이 동의가 없었기 때문에 제재처분을 내렸다는 것이다.

다만 업무위탁과 제3자 제공을 구분하는 명확한 기준이 없다는 점에 대해선 금융위원회나 개보위 내 일부 위원 사이에서도 문제로 지적된 부분이다. 금융위원회는 최근 정례회의에서 신용정보처리 위탁 기준을 구체적으로 정하는 등의 세부규정을 정비할 것이라고 밝히기도 했다.

개보위 내에서도 이 부분을 두고 논쟁이 있었던 것으로 확인됐다. 회의 속기록에 따르면 “카카오페이 관련 제3자 제공으로 볼 수도 있고 처리위탁으로 볼 수도 있다고 생각한다”며 “개인적으로는 처리위탁으로 보고 그에 따른 제3자 제공 동의 미고지 등에 따른 제재를 하는 것이 맞다고 생각한다”는 발언도 있다.

카카오페이 관계자는 “개인정보 ‘위수탁’과 ‘제3자 제공’에 대한 기준이 명료하지 않아 법리적 검토를 통해 업계에 구체적인 가이드가 마련되기를 바라며 행정소송을 제기했다”고 설명했다. 개보위 측은 “면밀한 조사 과정 등을 거쳐 내린 적법한 처분으로, 향후 회사 측의 대응에 잘 준비해 나갈 계획”이라고 말했다.

한편 이 사안에 대해 금감원은 최근 제재심의위원회를 열고 카카오페이에 약 150억원의 과징금을 부과하기로 결정한 것으로 알려졌다. 금융위원회는 이르면 이달 말 제재 안건을 논의한 뒤 과징금 규모를 비롯한 제재 수위를 확정할 전망이다.",https://www.mk.co.kr/news/economy/11288308,"제3자, 개보위, 위수탁, 적법한, 개인정보를"
"우리은행, 부동산 공개 매각…자산 효율성 높인다",박창영 기자hanyeahwest@mk.co.kr,2025-04-10 07:45:36,경제,"10일 우리은행이 불용 부동산 공개 매각에 나선다고 밝혔다. 매각 대상은 서울 여의도북지점을 포함한 총 7개 불용 부동산이다. 이 은행은 불용 부동산을 매각함으로써 자산을 효율적으로 이용하고, 매각 차익을 통해 자본비율도 개선할 것으로 기대하고 있다.

올해는 수요가 높은 서울·경기지역 소유 부동산을 우선 매각할 방침이다. 이어 내년부터 2027년까지 지방 소재 부동산으로 매각 대상을 확대한다. 공개 매각은 한국자산관리공사(캠코) 온비드 시스템을 통한 일반경쟁입찰 방식으로 이뤄진다. 오는 15일부터 23일까지 2회차에 걸쳐 펼쳐진다.

우리은행이 부동산 매각에 나서는 이유는 보통주자본(CET1) 비율 관리에 있다는 분석이다. 우리금융지주는 올해 1분기 기준 CET1 비율이 11.9%로 4대 금융지주 중 가장 낮은 수준이다. 금융당국이 금융지주에 자본 건전성 개선을 지속적으로 요구하는 상황이라 우리금융은 CET1 비율을 올해 말 12.5%로 올린다는 목표다.",https://www.mk.co.kr/news/economy/11288288,"cet1, 매각, 불용, 공개, 매각에"
매경 디지털농업 심포지엄...윤종록·민승규·안호근 주제강연,정혁훈 기자moneyjung@mk.co.kr,2025-04-10 07:44:24,경제,"매일경제 애그테크혁신센터가 10일 서울 양재동 aT센터 그랜드홀에서 한국농업기술진흥원, 한국벤처농업대학과 공동으로 개최한 ‘디지털농업 심포지엄’에서 윤종록 KAIST 초빙교수와 민승규 세종대 석좌교수, 안호근 한국농업기술진흥원장이 차례로 주제강연을 하고 있다. 윤 교수는 ‘생명과학의 르네상스가 온다-노벨 과학상과 미래전망’을, 민 교수는 ‘한국 농업의 미래 상상’을 주제로 강연했고, 안 원장은 ‘미래농업을 위한 농진원의 역할’에 대해 발표했다. 심포지엄에는 농업계를 비롯해 투자업계, ICT업계 등 다양한 분야에서 200여 명이 참석해 대한민국 디지털농업의 미래 가능성을 탐구했다.",https://www.mk.co.kr/news/economy/11288283,"교수는, 미래, 10일, 200여, at센터"
지방교육청 쌈짓돈 교부금...5년간 2.2조 현금성지원,문지웅 기자jiwm80@mk.co.kr,2025-04-10 07:15:44,경제,"전국 시·도 교육청이 최근 5년간 학생들에게 현금성으로 2조2208억원을 지원한 것으로 나타났다. 학령인구는 급감하는데 내국세 중 20.79%를 의무적으로 떼서 교육청에 배분하는 지방교육재정교부금을 개편이 시급하다는 지적이다.

10일 국회 기획재정위원회 소속 이종욱 국민의힘 의원이 전국 17개 시·도 교육청에서 제출받은 자료에 따르면 2021~2025년 현금성 지원은 경기 4499억원, 전남 3202억원, 서울 2549억원, 인천 2185억원, 전북 2005억원 등의 순으로 나타났다.

학생 대상 현금성 지원은 입학준비금, 교복지원금, 체험학습지원비, 학습지원비, 수능·자격증 원서비, 졸업앨범비 등 다양했다.

연도별 현금성 지원 규모는 2021년 2800억원, 2022년 3214억원, 2023년 4664억원, 2024년 5539억원, 2025년 5990억원으로 해마다 늘어나고 있다. 2021년 대비 2025년 지원 규모는 5년간 2배이상 급증했다. 반면 이 기간 학생 수는 약 532만명에서 501만명으로 31만명 감소했다.

이 의원은 “학생수는 줄어드는 반면, 교육재정교부금은 지속적으로 증가하면서 국가재정 운영의 낭비와 비효율이 심각하다”며 “현재 내국세 20.79%로 연동돼 있는 교부 방식을 적정소요 지원 방식으로 전환하거나, 초중등 교육 외에 고등교육, 평생교육, 직업 교육에 폭넓게 활용하는 방안을 보다 적극적으로 강구하여야 한다”고 강조했다.",https://www.mk.co.kr/news/economy/11288244,"2025년, 지원, 현금성, 20, 2021년"
KB손해보험 ‘기업동행정원’ 조성으로 반려동물 문화 개선 앞장,최종일 기자choi.jongil@mk.co.kr,2025-04-10 07:05:58,경제,"KB손해보험이 보라매공원 반려견 놀이터 인근에 ‘기업동행정원’을 만들어 반려동물 문화 개선에 앞장선다고 10일 밝혔다.

KB손보는 이날 서울시와 ‘2025 서울국제정원박람회 기업동행정원’ 조성을 위한 업무협약을 했다. 협약식에는 황현선 KB손보 CPC추진본부장, 서울시 관계자 등이 참석했다. KB손보는 반려동물과 보호자가 함께 자연을 누빌 수 있는 정원을 만들 예정이다.

서울국제정원박람회는 서울시가 도시의 지속 가능성을 높이고 정원 문화를 확산시키기 위해 지난 2015년부터 진행하고 있는 대규모 프로젝트다. 기업과 시민이 함께 조성하는 기업동행정원이 주요 프로그램 중 하나다.

올해 박람회는 보라매공원에서 다음달 22일 개막해 오는 10월 20일까지 약 5개월간 열린다.

이번에 조성되는 정원은 일회성 전시 공간이 아닌 존치 정원으로, 박람회 이후에도 서울시가 지속적으로 관리해 공공 힐링 공간으로 활용할 예정이다.

황현선 KB손보 CPC추진본부장은 “이번 기업동행정원 조성은 ‘KB금쪽같은 펫보험’과 연계한 사회공헌 활동 일환이다”며 “반려동물과 사람이 공존하는 문화를 확산하고 시민들에게 휴식과 치유의 공간을 제공하기 위해 마련했다”고 말했다.

한편, KB손보는 지난해 10월 반려동물 의료비 보장 한도를 업계 최고 수준으로 확대했다. 업계 최초로 반려동물 장례비용 지원비를 신설하는 등 상품 경쟁력을 강화한 KB금쪽같은 펫보험을 개정 출시했다.",https://www.mk.co.kr/news/economy/11288222,"kb손보는, 기업동행정원, 반려동물, 10월, kb금쪽같은"
“2030년까지 글로벌 최강국 도약”···휴머노이드 드림팀에 1조 투자,유준호 기자yjunho@mk.co.kr,2025-04-10 07:00:37,경제,"2030년 휴머노이드 로봇(인간형 로봇) 분야 글로벌 최강국을 목표로 민관이 K-휴머노이드 개발에 1조원 이상의 자금을 투입한다. 인공지능(AI) 전문기업과 전문가, 로봇 하드웨어(HW)·부품·수요기업 등이 산업 벨류체인을 만들고 휴모노이드 로봇 설계부터 현장 실증까지 기술개발 전과정에 힘을 모으기로 했다.

10일 산업통상자원부는 안덕근 산업통상자원부 장관과 유홍림 서울대 총장 등이 참석한 가운데 ‘K-휴머노이드 연합’ 출범식을 개최했다.

휴머노이드 로봇 분야는 2025년 15억 달러에서 2035년 380억 달러로 향후 10년내 시장규모가 25배 이상 커질 것으로 관측된다. 특히 생성형 AI가 휴머노이드 로봇에 탑재될 경우 로봇의 인지·의사결정·상호작용 능력이 혁신적으로 개선될 것이란 기대가 크다. 미국의 테슬라와 아마존, 마이크로소프트, 엔비디아 등 빅테크들은 휴머노이드 로봇에 천문학적 금액을 투입하고 있다.

한국은 이미 각종 세계 경진대회에서 꾸준한 입상 실적으로 기술 잠재력을 인정받은 상태다. 다만 미국, 중국 등에 비해 투자 규모와 인력이 절대적으로 부족하다는 지적이 나온다. 산업계와 로봇 전문가들은 세계 시장 선점을 위해 정부의 전폭적 지원과 생태계 차원의 역량 결집이 필요하다는 목소리를 내왔다.

K-휴머노이드 연합에는 AI 로봇 전문가 15명을 비롯해 로봇기업 12개사(LG전자, 두산로보틱스, 레인보우로보틱스 등)와 로봇 부품기업 11개사(SK온, LG에너지솔루션, 삼성SDI, 리벨리온 등), 수요기업 7개사(삼성디스플레이, LG전자, HD현대미포 등)가 참여한다.

연합의 가장 중요한 과제는 로봇의 두뇌에 해당하는 로봇 AI를 개발하는 것이다. AI 전문가 그룹은 로봇제조사 그룹이 공동으로 사용할 수 있도록 2028년까지 로봇 AI 파운데이션 모델을 개발할 계획이다.

로봇제조사와 부품사도 2028년까지 가벼운 무게(60kg이하)와 빠른 이동속도(2.5㎧)를 자랑하는 고사양 로봇을 생산할 계획이다. 정교한 물체 조작이 가능한 힘·토크 센서, 손 감각을 구현하는 촉각 센서, 가벼우면서 유연한 액추에이터 등을 로봇 제조사와 부품 기업들이 협력해 개발한다.

산업부 관계자는 “산업 밸류체인 내 이해관계자들이 연합체를 형성에 일종의 ‘집적효과’를 볼 것으로 예상된다”며 “최초 연구개발과 제품·부품 설계 단계에서부터 수요기업 맞춤형 기술개발이 이뤄지고, 생산 현장에서 쌓인 데이터를 전달하고, 기술을 실증하는 작업도 한결 용이해 질 것”이라고 말했다.

산업부는 우선 올해 2000억원 규모인 로봇 예산의 증액을 위해 관계 부처, 국회 등과 지속적으로 협의해 나갈 계획이다.",https://www.mk.co.kr/news/economy/11288214,"로봇, 휴머노이드, ai, 계획이다, 부품"
"핀테크 기업 핀다, 가계대출 증가세 둔화에도 매출 호조",최종일 기자choi.jongil@mk.co.kr,2025-04-10 06:52:42,경제,"대출 중개·관리 핀테크 기업 ‘핀다’는 지난해 매출이 전년 대비 5% 증가한 298억원을 기록했다고 10일 밝혔다. 지난해 신규 가계대출 증가세 둔화에도 개인사업자 대출 누적 약정 금액이 지난해 1조원을 돌파해서다. 또 자동차담보대출과 정책 상품 실적의 호조세에 힘입어 시장점유율을 견조한 수준으로 유지했다.

핀다는 지난해 1월 출시한 ‘주택담보대출 갈아타기 서비스’의 대환대출과 주택담보대출을 합한 약정액 규모가 지난해 109% 급증했다고 밝혔다. 신용점수 900점 이상 고신용자들의 약정액도 전년 대비 24% 늘어나며 수익성 개선에 영향을 줬다.

영업적자는 전년 대비 52% 감소한 63억원을 기록, 당기순손실은 43억원으로 전년 대비 82% 감소했다. 핀다는 지속적으로 업무 효율을 개선하고 비용을 절감하며 수익성을 대폭 개선한 결과라고 보고 있다. 지난해 4분기에 약 2억 4376만원의 당기순이익과 2309만원의 순영업이익을 기록, 분기 손익분기점을 달성했다.

또 마이데이터 사용성 수치도 개선됐다. 신규 사용자의 30일 이내 마이데이터 연동자 수는 전년 대비 310% 증가했고, 마이데이터 연동률도 455% 늘었다. 핀다는 올해 초 주택담보대출·전세대출 갈아타기 서비스 출시와 AI와 마이데이터를 접목한 ‘AI 금리 변동 알림 서비스’ 등 자산·신용관리 서비스 고도화가 영향을 미쳤다고 본다.

핀다 관계자는 “지난해 4분기는 흑자 전환을 달성해 안정적인 재무 구조를 갖췄고 이를 발판 삼아 올해 신규 사업 확대에 힘을 쏟을 계획”이라며 “창립 10주년을 맞이한 올해를 비즈니스 확장 원년으로 삼고, 인공지능(AI) 서비스 고도화를 더욱 활발하게 추진해나갈 것”이라고 말했다.",https://www.mk.co.kr/news/economy/11288203,"지난해, 대비, 서비스, 전년, 마이데이터"
MG손보 124만 가입자 앞날은…계약이전 가능성 높지만 우려는 여전,최종일 기자choi.jongil@mk.co.kr,2025-04-10 06:36:46,경제,"부실금융기관으로 지정된 가입자 124만명을 가진 MG손해보험의 매각이 무산된 가운데, 청·파산 등 선택지 중 계약이전 방향의 가능성이 높아지고 있다. 다만 계약이전을 하더라도 MG손보의 고용 승계에 대한 해결점을 찾지 못하면 갈등이 다시 불거질 수 있다는 우려도 나온다.

10일 보험업계에 따르면 금융당국은 MG손보의 제3매각, 청·파산, 계약이전을 두고 논의를 이어가고 있다. 앞서 메리츠화재는 인수 의사를 밝혔지만 MG손보 노조와 고용 승계와 과도한 자료 요구 등의 갈등을 해결하지 못하면서 최근 우선협상대상자 지위를 반납했다. 이같은 상황에서 새로운 인수자도 찾기 힘들다 보니 가입자 보호를 위해 계약이전의 목소리가 커지고 있다.

일각에서는 계약이전을 하더라도 MG손보 구성원의 고용승계를 어떻게 풀어야 할지가 관건이라고 본다.

업계 관계자는 “계약이전을 하기 위해선 수많은 서류를 검토해야 하는데 고용 승계 없이 회사가 문을 닫는다면 (직원들이) 협조를 안 할 수도 있다”며 “법정관리를 받고 있다고 하더라도 가정이지만 구성원이 협조를 안 하면 사태가 또 장기화할 수 있는 것”이라고 말했다.

현재 금융 당국은 5대 대형 손해보험사들이 계약을 나눠 갖는 방안 등을 협의하고 있다. 지난 2003년 파산한 리젠트화재처럼 다른 손해보험사들이 계약 상품을 나눠 인수하는 것으로, 확정이거나 구체적인 방향이 정해진 건 아니다.

그러나 대형 손보사도 계약을 떠안기에는 다소 부담스러운 상황이다. 이사회 승인 등을 거치는 과정이 필요하고 손해율이 높은 계약을 떠안으면 주주 가치 등의 문제가 생길 수 있어서다.

더욱이 MG손보의 계약 상품은 대부분 보장성 상품으로 1·2세대 실손보험과 같은 비교적 다른 상품이 대다수다. 즉 가입자의 보험료 납입은 끝났고 앞으로 보험금으로 지출돼야 할 계약이 대다수인 것이다.

업계 관계자는 “20~30년 납입 기한이 끝난 계약이 대다수인데 보험사 입장에선 좋지는 않다”며 “계약의 구성률 등을 확인해야 하는 복잡한 절차들도 많이 남아 있다”고 말했다.

한편 가입자들은 지난달 25일 ‘MG손보의 청산·파산 절차를 대비해 개인과 법인을 구제해달라’ 는 국민동의 청원을 내기도 했다. 이날 3시 20분 동의자는 2만1521명으로 43%를 보인다. 오는 23일 종료까지 5만명 이상의 동의를 받으면 국회에서 공식적인 답변을 받을 수 있다.",https://www.mk.co.kr/news/economy/11288180,"있다, mg손보의, 계약이전을, 계약을, 고용"
‘지브리 프로필’ 열풍에 AI구독도 신용카드 할인 검토…캐시백 행사도,한상헌 기자aries@mk.co.kr,2025-04-10 06:24:04,경제,"카드사들이 챗GPT 등 인공지능(AI) 구독 결제를 할인 서비스에 추가하는 방안을 검토한다. 최근 일본 애니메이션 제작사 ‘스튜디오 지브리’ 화풍 이미지를 AI로 제작하는 것이 인기를 끌면서 AI구독 시장이 커지자 카드사들이 발빠르게 나선 것이다.

10일 카드 업계에 따르면 여러 카드사가 신용카드 할인서비스 대상에 AI구독을 포함하는 방안에 대해 검토 중이다. 현재 여러 신용카드가 온라인동영상서비스(OTT), 음원 스트리밍서비스 등 구독 영역에 대해 할인해주고 있는데 이 영역에 AI구독도 탑재될 가능성이 큰 것으로 전해졌다. 대표적인 AI 구독서비스인 챗GPT, 구글 제미나이, 퍼플렉시티 가격이 월 3만원 내외라서, 결합시 할인이 된다면 좋겠다는 고객 의견이 있는 것으로 알려졌다.

신한카드 관계자는 “AI서비스의 경우 최근 수요 급증과 더불어 정기적으로 발생하는 형태의 결제이기 때문에 매력적인 영역으로 보고 있다”며 “카드 서비스 탑재를 위해선 결제 형태 등 안정성 검증이 필요해 다방면으로 검토 중이다”고 밝혔다.

실제 AI구독 서비스 할인을 해주는 신용카드도 있다. 삼성카드 ‘삼성 iD GLOBAL 카드’는 디지털콘텐츠·멤버십 영역에서 50% 결제일 할인을 적용해주는데 AI구독 서비스도 해당한다. 챗GPT 구독을 구글플레이나 아이폰 앱스토어에서 결제하면 할인이 적용된다.

카드사는 일단 AI구독 서비스 할인이벤트를 진행 중이다. AI구독 할인에 대한 소비자들의 수요를 파악하기 위한 것으로 해석된다. 신한카드는 오는 4월 30일까지 이벤트에 응모하고, SOL트래블 체크카드로 챗GPT를 구독한 선착순 1만명에게 3000원 캐시백을 제공한다. KB국민카드도 챗GPT, 클로드, 미드저니 등 주요 해외 AI 플랫폼을 구독 결제하면 5달러를 제공한다.

BC카드는 고객에게 240달러 상당의 퍼플렉시티 1년 무료 이용 혜택을 제공하는 이벤트를 진행 중이다. BC신용과 체크카드를 누적 5만원 이상 이용하면 BC카드 페이북을 통해 무료 이용권을 받을 수 있다. 우리카드도 챗GPT, 클로드, 미드저니 등 생성형 AI 구독 시 최대 9000원을 할인해주고 있다.

AI 구독 서비스 결제는 최근 들어 급증하고 있다. KB국민카드가 10개 구독 서비스 유형의 결제 데이터를 분석한 결과 생성형 AI서비스는 작년 이용 건수가 전년 대비 299% 급증해 구독서비스 중 가장 높은 성장률을 기록했다.",https://www.mk.co.kr/news/economy/11288168,"구독, ai, ai구독, 서비스, 있다"
"“여보, 허리띠 졸라매고 이거 해볼까”…가계 여윳돈 215조 ‘사상 최대’",류영상 기자ifyouare@mk.co.kr,2025-04-10 05:57:38,경제,"지난해 국민들이 지갑을 닫고 주식과 펀드 등 투자를 확대하고 있는 것으로 나타났다. 이 같은 이유 등으로 지난해 가계 여윳돈 증가 규모가 2009년 이래 최대치를 경신했다.

10일 한국은행에 따르면 가계(개인사업자 포함)와 비영리단체의 지난해 순자금 운용액은 215조 5000억원으로, 전년대비 55조원 급증했다. 통계 작성 이후 최대로, 이전 최대치는 2020년 206조6000억원이다.

순자금 운용액은 금융자산 거래액(자금운용)에서 금융부채 거래액(자금조달)을 차감한 값으로 빌린 돈을 제외하고 예금과 주식 등의 자산으로 굴린 여유자금을 말한다.

통계청에 따르면 가계소득 증가율은 2023년 2.8%에서 지난해에는 3.3%로 확대됐다. 반면 가계 지출 증가율은 6.1%에서 3.2%로 급감했다.

자금조달은 34조3000억원에서 50조6000억원으로 확대됐다. 주택담보대출을 중심으로 금융기관 차입금이 늘어나면서 조달 규모가 확대된 영향이다.

자금운용은 194조8000억원에서 266조1000억원으로 늘었다. 금융기관 예치금이 축소됐지만 지분증권 및 투자펀드, 보험 및 연금준비금 등이 늘어나면서 운용규모가 확대됐다.

김용현 한은 자금순환팀장은 “지출을 넘어선 소득 증가, 아파트 신규 입주 감소 등에 따른 여유자금 증가 등으로 순자금 운용이 확대됐다”면서 “특히, 대내외 불확실성에 소비를 줄인 점과 해외증권 투자 등의 영향이 있었다”고 설명했다.",https://www.mk.co.kr/news/economy/11288115,"확대됐다, 가계, 순자금, 에서, 증가"
매경 디지털농업 심포지엄...철학자 최진석 교수의 시선,정혁훈 기자moneyjung@mk.co.kr,2025-04-10 05:45:10,경제,"대중과 소통하는 철학자인 최진석 새말새몸짓 이사장이 10일 매일경제 애그테크혁신센터가 한국농업기술진흥원, 한국벤처농업대학과 공동으로 서울 양재동 aT센터 그랜드홀에서 개최한 ‘디지털농업 심포지엄’에서 ‘인문학자가 보는 농업 혁신’을 주제로 기조강연을 하고 있다. 심포지엄에는 농업계를 비롯해 투자업계, ICT업계 등 다양한 분야에서 200여 명이 참석해 대한민국 디지털농업의 미래 가능성을 탐구했다.",https://www.mk.co.kr/news/economy/11288089,"10일, 200여, at센터, ict업계, 가능성을"
"“이 혜택, 이 구성 마지막, 서두르세요”...피노키오가 된 교육업체들 ‘과징금 엔딩’",곽은산 기자kwak.eunsan@mk.co.kr,2025-04-10 05:15:39,경제,"“기간 한정 파격할인” “딱 1주일만 특별할인”과 같은 문구로 온라인강의 상품 거짓 광고를 수년간 지속한 에듀윌과 에스티유니타스가 과징금 3억1000만원의 제재를 받았다.

공정거래위원회는 10일 두 업체의 공무원 및 자격시험 등 온라인강의 상품과 관련한 부당한 기간한정광고에 대해 시정·공표명령과 함께 각각 과징금 1억5400만원, 1억5600만원을 부과했다고 밝혔다.

공정위 조사 결과 두 업체는 “이 혜택, 이 구성 마지막, 서두르세요!” “지금 이 구성 마감 D-□□” 등 표현으로 소비자를 유인한 것으로 드러났다. 이들은 또 마감 시한을 시각적으로 확인할 수 있도록 광고 하단에 전자시계를 게시하는 방법을 활용했다. 이런 행위는 1주일 간격으로 계속됐다.

그러나 두 업체는 자신들이 제시한 할인 마감 시한이 지난 뒤에도 이전과 동일하거나 더 저렴한 가격을 제시하는 방식의 할인광고를 지속했다. 에듀윌은 2020년 6월~2023년 4월 자사 홈페이지를 통해 109개의 강의 상품에 대한 거짓 광고를 이어갔다. 에스티유니타스는 2017년 1월~2021년 11월 51개 상품을 판매하면서 이런 방식의 부당광고를 내보냈다.

이들 업체는 기간한정 판매광고가 부당한 광고에 해당할 소지가 있음을 이미 인식한 상황이었다. 두 업체는 공무원·자격증 분야 관련 온라인광고 시장에서 소비자에게 정확한 정보를 제공하고 부당광고를 사전에 방지하기 위한 ‘인강업체 부당광고 방지를 위한 자율준수 협약’을 체결한 상태였다.

에스티유니타스의 경우 애플 에어팟과 삼성 갤럭시탭 등 고가의 경품 추첨 이벤트를 열고 강의 구매를 유도했지만, 실제로는 지급하지 않은 것으로도 드러났다. 에스티유니타스는 2022년 12월~2023년 10월까지 다섯 차례 경품 이벤트를 내걸었다. 그러나 고가의 증정용 경품을 구매조차 하지 않았다.

공정위는 “앞으로도 온라인교육 시장에서의 부당한 광고행위를 지속적으로 감시하고 적발 시에는 엄중히 대응해 나갈 계획”이라고 밝혔다.",https://www.mk.co.kr/news/economy/11287993,"업체는, 마감, 부당한, 2023년, 강의"
"“금명이 아빠, 어깨 괜찮은거죠?”...어업인 가장 많이 다치는 곳은 바로",강인선 기자rkddls44@mk.co.kr,2025-04-10 05:15:04,경제,"어업인들에게 가장 많이 발생하는 질병은 근골격계 질환인 것으로 나타났다. 주로 어깨 부위에 질환이 나타나는 것으로도 조사됐다.

10일 해양수산부는 이같은 결과를 주 내용으로 하는 ‘어업인의 업무상 질병 및 손상조사’ 결과를 발표했다. 조사 결과에 따르면 어업인이 1년 중 1일 이상 휴업하게 한 질병 발생률은 평균 5.7%로, 전년보다 0.4%포인트 감소했다. 주로 발생하는 질병은 근골격계 질환으로 34.3%였으며 질환이 발생한 주요 신체 부위는 어깨(22.1%)가 가장 많았다. 허리(19.6%), 무릎(14.9%)이 뒤를 이었다. 업무상 질병을 일으키거나 악화시키는 원인으로는 반복적인 동작(20.7%)이 가장 많았다.

어업인의 업무상 손상 발생률(1년 중 1일 이상 휴업)은 평균 2.2%로 전년보다 0.1%포인트 증가했고, 주로 발생하는 손상 유형은 작업 중 전도(미끄러짐, 넘어짐) 사고가 61.4%로 가장 많았다.

어업인 업무상 질병 및 손상조사는 지난해 8월21일~10월31일까지 전국 어촌지역 3600어가를 대상으로 이뤄졌다.

해수부는 어업인의 안전과 건강을 증진하기 위해 어업인의 질환 연구 및 예방, 의료서비스 제공 등을 수행하는 ‘어선안전보건센터’를 운영하고 있다고 설명했다. 또 올해 전국 200개 도서지역에 거주하고 있는 어업인을 대상으로는 ‘비대면 섬 닥터’를 추진하고 있다고도 덧붙였다. 올해부터는 51세 이상 여성 어업인들이 남성보다 근골격계 직업 질환 유병률이 높다는 점을 감안해 특화건강검진을 받을 수 있도록 검진비의 90%도 지원하고 있다.",https://www.mk.co.kr/news/economy/11287990,"가장, 어업인의, 업무상, 근골격계, 많았다"
"“퇴직후 식당하려 했는데”…불황의 그늘, 1분기 문 닫은 음식점이 무려 1만3500 곳",이지안 기자cup@mk.co.kr,2025-04-10 05:14:29,경제,"올해 1분기 문을 닫은 일반 음식점 수가 1만3500곳을 넘어서며 외식업계의 불황이 좀처럼 끝나지 않고 있다. 이는 지난해 같은 기간보다 2.5% 증가한 수치로, 자영업자들의 경영 환경이 해마다 악화되고 있음을 보여준다.

10일 행정안전부의 지방행정인허가데이터에 따르면 올해 1~3월 폐업 음식점 수는 1만 3580곳으로, 전년 동기(1만3252곳) 대비 2.5% 늘었다. 계속되는 내수 부진에 더해 원재료 가격 급등과 인건비 상승 등 비용 압박이 겹치면서 생존 자체가 어려워지고 있다는 분석이다.

실제 통계청의 ‘2월 산업활동동향’ 자료에 따르면 전산업생산은 전월 대비 0.6% 증가했으나, 음식점업 생산은 3.0% 감소하며 2022년 이후 가장 큰 하락 폭을 기록했다. 음식점업 생산은 지난해 2월 이후 1년째 감소세를 이어가고 있으며 최근 4개월간은 감소 폭이 더욱 커지고 있다.

업계 관계자들은 코로나19 이후 급격히 사라진 회식 문화, 고금리의 장기화, 인건비 상승 등 구조적 변화에 더해 최근의 원재룟값 급등이 직격탄이 됐다고 입을 모았다. 한 음식점 운영자는 “물가는 오르는데 손님은 줄고, 가격 인상은 눈치 보이는 상황”이라며 “버틸 수 있을 때까지만 버티겠다는 생각”이라고 토로했다.

폐업 증가세는 국세통계에서도 확연히 드러난다. 음식점업 폐업 신고자는 2021년 12만7814명, 2022년 13만6145명, 2023년에는 15만8279명으로 해마다 큰 폭의 증가세를 보인다. 생계형 창업 비중이 높은 업종 특성상 경기와 비용 구조 변화에 민감할 수밖에 없다. 최근에는 고정비 부담이 가중되며 업계 전반의 생존율이 갈수록 낮아지는 실정이다.

통계청은 2월 음식점업 부진에 대해 탄핵 정국 등 정치적 불확실성이 소비 심리를 위축시킨 배경이라고 설명했지만, 윤 전 대통령 파면 이후 불확실성이 다소 해소된 이후에도 실질적인 소비 회복에 대한 전망은 불확실한 상황이다.

전문가들은 소비심리가 일부 개선될 여지는 있지만, 실질 소득 증가 없이 소비 진작 효과는 제한적일 것으로 전망하고 있다. 우석진 명지대 경제학과 교수는 “12.3 계엄 사태 전에도 경제 상황이 좋았던 것은 아니다”라며 이전에도 경제가 침체 국면이었다고 평가했다. 하준경 한양대 경제학과 교수는 “소비 심리는 다소 회복되겠지만 소득이 뒷받침되지 않으면 실제 소비로 이어지기 어렵다”며 “재정 정책의 보완이 시급하다”고 강조했다.",https://www.mk.co.kr/news/economy/11287989,"소비, 음식점업, 이후, 2월, 음식점"
스테이블코인 투자 쉬워지나…케이뱅크의 실험,박나은 기자nasilver@mk.co.kr,2025-04-10 04:48:24,경제,"케이뱅크가 스테이블코인을 활용한 해외송금 기술검증(PoC) 사업에 나선다. 국내 스테이블코인 법제화에 앞서 스테이블코인의 활용 가능성을 타진하고 이 같은 경험을 토대로 디지털 자산 기반의 금융 혁신을 선도한다는 계획이다.

케이뱅크는 스테이블코인을 활용한 해외송금 PoC 사업인 ‘팍스프로젝트’에 참여한다고 10일 밝혔다.

스테이블코인은 달러와 같은 법정화폐나 금 같은 실물자산에 가치를 연동해 가격 변동성을 최소화한 디지털 자산이다. 대표적인 예로 미국 달러와 1대 1로 가치가 고정된 테더(USDT)와 USD코인(USDC)이 있다. 스테이블코인을 활용한 해외송금은 기존 해외송금의 단점인 비싼 수수료와 긴 처리 시간을 획기적으로 줄일 것이라는 기대감이 나온다.

‘팍스프로젝트’는 스테이블코인이 법제화된 일본에서 추진 중인 디지털 자산을 활용해 차세대 글로벌 송금 및 결제 시스템을 구축하는 국제 협력 사업이다. 각국의 주요 은행이 협력해 해외송금, 환전, 역외 지급결제 등의 분야에서 스테이블코인의 실용성을 검증한다. 스테이블코인이 얼마나 빠르고 효율적으로 기존의 복잡한 국가 간 송금 절차를 혁신하는 지 확인하는 것이 목표다.

케이뱅크가 ‘팍스프로젝트’에서 참여하는 영역은 ‘한일 은행 시스템을 연동하는 해외송금 PoC’이다. 한국과 일본의 은행 시스템을 연동해 원화 기반 스테이블코인을 활용한 해외 무역 송금이 실제 금융 환경에서 원활하게 운영될 수 있는지 검토한다. 케이뱅크를 비롯한 국내 은행들과 한국디지털자산수탁(KDAC), 페어스퀘어랩 등이 참여해 지난 3월부터 5월까지 약 세 달간 진행된다.

이번 프로젝트에 참여하는 기업들은 원화 스테이블코인의 발행 및 해외송금의 실효성을 확인하고, 국내 실정에 맞는 스테이블코인 모델을 제시할 예정이다. 케이뱅크는 이번 경험을 토대로 향후 디지털 자산 생태계 선도를 위한 노력을 이어간다는 방침이다.

케이뱅크는 디지털자산이 가져올 금융 혁신 가능성에 주목하며 2023년부터 ‘토큰증권(STO) 비전그룹’의 주요 금융사 중 한 곳으로 참여해 STO 등 디지털자산을 통한 금융 혁신 선도 방안을 모색해 왔다. STO 비전그룹은 STO 시장의 건전한 생태계 조성, STO 플랫폼의 표준 수립을 목표로 하는 토큰증권 협의체다.

또 블록체인월렛과 대체불가능토큰(NFT), 스테이킹 등 여러 디지털 자산 기술과 관련한 PoC를 거치며 블록체인 관련 기술 내재화를 적극 추진하고 있다.

케이뱅크 관계자는 “스테이블코인을 활용한 해외송금 PoC에 참여함으로써 스테이블코인의 유용성을 확인하고, 향후 법제화될 경우 스테이블코인의 활용 방안을 다각도로 모색할 계획”이라며 “케이뱅크는 앞으로도 디지털 자산을 비롯한 금융의 기술 혁신을 선도하기 위해 다양한 노력을 기울이겠다”라고 말했다.",https://www.mk.co.kr/news/economy/11287951,"디지털, sto, 스테이블코인을, 스테이블코인의, 해외송금"
